date,data,stationary,det_lin_up,det_lin_down,det_quad,det_cubic,det_exp,det_damped,stoc_trend,volatility,single_seas,multiple_seas,point_anom_single,point_anom_multi,collect_anom,context_anom,mean_shift,var_shift,trend_shift,point_anom_count,point_anom_location,point_anom_point,collect_anom_count,collect_anom_location,collect_anom_start,collect_anom_end,context_anom_start,context_anom_end,mean_shift_count,mean_shift_location,mean_shift_point,variance_shift_count,variance_shift_location,variance_shift_points,trend_shift_count,trend_shift_location,trend_shift_points,trend_shift_type,is_multi_characteristic,characteristic_1_type,characteristic_2_type,is_point_anomaly_active,is_collective_anomaly_active,is_contextual_anomaly_active,is_mean_shift_active,is_variance_shift_active,is_trend_shift_active,is_linear_trend_active,is_quadratic_trend_active,is_cubic_trend_active,is_exponential_trend_active,is_damped_trend_active,is_single_seasonality_active,is_multiple_seasonality_active,is_seasonal_base_active,is_stochastic_base_active,is_volatility_base_active
2020-01-01,1.7155630562785626,0,0,1,0,0,0,0,1,0,0,0,0,0,0,0,0,0,0,0,none,,0,none,,,0,0,0,none,,0,none,,0,none,,none,0,Linear Trend,none,0,0,0,0,0,0,1,0,0,0,0,0,0,0,1,0
2020-01-02,1.7109117051871903,0,0,1,0,0,0,0,1,0,0,0,0,0,0,0,0,0,0,0,none,,0,none,,,0,0,0,none,,0,none,,0,none,,none,0,Linear Trend,none,0,0,0,0,0,0,1,0,0,0,0,0,0,0,1,0
2020-01-03,1.6981209231440049,0,0,1,0,0,0,0,1,0,0,0,0,0,0,0,0,0,0,0,none,,0,none,,,0,0,0,none,,0,none,,0,none,,none,0,Linear Trend,none,0,0,0,0,0,0,1,0,0,0,0,0,0,0,1,0
2020-01-04,1.694337098735566,0,0,1,0,0,0,0,1,0,0,0,0,0,0,0,0,0,0,0,none,,0,none,,,0,0,0,none,,0,none,,0,none,,none,0,Linear Trend,none,0,0,0,0,0,0,1,0,0,0,0,0,0,0,1,0
2020-01-05,1.6912513433946343,0,0,1,0,0,0,0,1,0,0,0,0,0,0,0,0,0,0,0,none,,0,none,,,0,0,0,none,,0,none,,0,none,,none,0,Linear Trend,none,0,0,0,0,0,0,1,0,0,0,0,0,0,0,1,0
2020-01-06,1.677605974470652,0,0,1,0,0,0,0,1,0,0,0,0,0,0,0,0,0,0,0,none,,0,none,,,0,0,0,none,,0,none,,0,none,,none,0,Linear Trend,none,0,0,0,0,0,0,1,0,0,0,0,0,0,0,1,0
2020-01-07,1.675309292085114,0,0,1,0,0,0,0,1,0,0,0,0,0,0,0,0,0,0,0,none,,0,none,,,0,0,0,none,,0,none,,0,none,,none,0,Linear Trend,none,0,0,0,0,0,0,1,0,0,0,0,0,0,0,1,0
2020-01-08,1.6750113553344088,0,0,1,0,0,0,0,1,0,0,0,0,0,0,0,0,0,0,0,none,,0,none,,,0,0,0,none,,0,none,,0,none,,none,0,Linear Trend,none,0,0,0,0,0,0,1,0,0,0,0,0,0,0,1,0
2020-01-09,1.6725334237803788,0,0,1,0,0,0,0,1,0,0,0,0,0,0,0,0,0,0,0,none,,0,none,,,0,0,0,none,,0,none,,0,none,,none,0,Linear Trend,none,0,0,0,0,0,0,1,0,0,0,0,0,0,0,1,0
2020-01-10,1.6586411466937718,0,0,1,0,0,0,0,1,0,0,0,0,0,0,0,0,0,0,0,none,,0,none,,,0,0,0,none,,0,none,,0,none,,none,0,Linear Trend,none,0,0,0,0,0,0,1,0,0,0,0,0,0,0,1,0
2020-01-11,1.6429266912634277,0,0,1,0,0,0,0,1,0,0,0,0,0,0,0,0,0,0,0,none,,0,none,,,0,0,0,none,,0,none,,0,none,,none,0,Linear Trend,none,0,0,0,0,0,0,1,0,0,0,0,0,0,0,1,0
2020-01-12,1.645281117423513,0,0,1,0,0,0,0,1,0,0,0,0,0,0,0,0,0,0,0,none,,0,none,,,0,0,0,none,,0,none,,0,none,,none,0,Linear Trend,none,0,0,0,0,0,0,1,0,0,0,0,0,0,0,1,0
2020-01-13,1.6343997023446617,0,0,1,0,0,0,0,1,0,0,0,0,0,0,0,0,0,0,0,none,,0,none,,,0,0,0,none,,0,none,,0,none,,none,0,Linear Trend,none,0,0,0,0,0,0,1,0,0,0,0,0,0,0,1,0
2020-01-14,1.6256945364357138,0,0,1,0,0,0,0,1,0,0,0,0,0,0,0,0,0,0,0,none,,0,none,,,0,0,0,none,,0,none,,0,none,,none,0,Linear Trend,none,0,0,0,0,0,0,1,0,0,0,0,0,0,0,1,0
2020-01-15,1.6183541298150643,0,0,1,0,0,0,0,1,0,0,0,0,0,0,0,0,0,0,0,none,,0,none,,,0,0,0,none,,0,none,,0,none,,none,0,Linear Trend,none,0,0,0,0,0,0,1,0,0,0,0,0,0,0,1,0
2020-01-16,1.596841779577197,0,0,1,0,0,0,0,1,0,0,0,0,0,0,0,0,0,0,0,none,,0,none,,,0,0,0,none,,0,none,,0,none,,none,0,Linear Trend,none,0,0,0,0,0,0,1,0,0,0,0,0,0,0,1,0
2020-01-17,1.602398252142473,0,0,1,0,0,0,0,1,0,0,0,0,0,0,0,0,0,0,0,none,,0,none,,,0,0,0,none,,0,none,,0,none,,none,0,Linear Trend,none,0,0,0,0,0,0,1,0,0,0,0,0,0,0,1,0
2020-01-18,1.5901432695652593,0,0,1,0,0,0,0,1,0,0,0,0,0,0,0,0,0,0,0,none,,0,none,,,0,0,0,none,,0,none,,0,none,,none,0,Linear Trend,none,0,0,0,0,0,0,1,0,0,0,0,0,0,0,1,0
2020-01-19,1.579545614331987,0,0,1,0,0,0,0,1,0,0,0,0,0,0,0,0,0,0,0,none,,0,none,,,0,0,0,none,,0,none,,0,none,,none,0,Linear Trend,none,0,0,0,0,0,0,1,0,0,0,0,0,0,0,1,0
2020-01-20,1.5813167181249768,0,0,1,0,0,0,0,1,0,0,0,0,0,0,0,0,0,0,0,none,,0,none,,,0,0,0,none,,0,none,,0,none,,none,0,Linear Trend,none,0,0,0,0,0,0,1,0,0,0,0,0,0,0,1,0
2020-01-21,1.5609742238659121,0,0,1,0,0,0,0,1,0,0,0,0,0,0,0,0,0,0,0,none,,0,none,,,0,0,0,none,,0,none,,0,none,,none,0,Linear Trend,none,0,0,0,0,0,0,1,0,0,0,0,0,0,0,1,0
2020-01-22,1.55137289319402,0,0,1,0,0,0,0,1,0,0,0,0,0,0,0,0,0,0,0,none,,0,none,,,0,0,0,none,,0,none,,0,none,,none,0,Linear Trend,none,0,0,0,0,0,0,1,0,0,0,0,0,0,0,1,0
2020-01-23,1.5353647339257614,0,0,1,0,0,0,0,1,0,0,0,0,0,0,0,0,0,0,0,none,,0,none,,,0,0,0,none,,0,none,,0,none,,none,0,Linear Trend,none,0,0,0,0,0,0,1,0,0,0,0,0,0,0,1,0
2020-01-24,1.5315844709792839,0,0,1,0,0,0,0,1,0,0,0,0,0,0,0,0,0,0,0,none,,0,none,,,0,0,0,none,,0,none,,0,none,,none,0,Linear Trend,none,0,0,0,0,0,0,1,0,0,0,0,0,0,0,1,0
2020-01-25,1.5485241761678703,0,0,1,0,0,0,0,1,0,0,0,0,0,0,0,0,0,0,0,none,,0,none,,,0,0,0,none,,0,none,,0,none,,none,0,Linear Trend,none,0,0,0,0,0,0,1,0,0,0,0,0,0,0,1,0
2020-01-26,1.5263955982746797,0,0,1,0,0,0,0,1,0,0,0,0,0,0,0,0,0,0,0,none,,0,none,,,0,0,0,none,,0,none,,0,none,,none,0,Linear Trend,none,0,0,0,0,0,0,1,0,0,0,0,0,0,0,1,0
2020-01-27,1.5062798106037472,0,0,1,0,0,0,0,1,0,0,0,0,0,0,0,0,0,0,0,none,,0,none,,,0,0,0,none,,0,none,,0,none,,none,0,Linear Trend,none,0,0,0,0,0,0,1,0,0,0,0,0,0,0,1,0
2020-01-28,1.519995824452465,0,0,1,0,0,0,0,1,0,0,0,0,0,0,0,0,0,0,0,none,,0,none,,,0,0,0,none,,0,none,,0,none,,none,0,Linear Trend,none,0,0,0,0,0,0,1,0,0,0,0,0,0,0,1,0
2020-01-29,1.5076036949208602,0,0,1,0,0,0,0,1,0,0,0,0,0,0,0,0,0,0,0,none,,0,none,,,0,0,0,none,,0,none,,0,none,,none,0,Linear Trend,none,0,0,0,0,0,0,1,0,0,0,0,0,0,0,1,0
2020-01-30,1.5044270535704842,0,0,1,0,0,0,0,1,0,0,0,0,0,0,0,0,0,0,0,none,,0,none,,,0,0,0,none,,0,none,,0,none,,none,0,Linear Trend,none,0,0,0,0,0,0,1,0,0,0,0,0,0,0,1,0
2020-01-31,1.4874960891216706,0,0,1,0,0,0,0,1,0,0,0,0,0,0,0,0,0,0,0,none,,0,none,,,0,0,0,none,,0,none,,0,none,,none,0,Linear Trend,none,0,0,0,0,0,0,1,0,0,0,0,0,0,0,1,0
2020-02-01,1.4740476620577891,0,0,1,0,0,0,0,1,0,0,0,0,0,0,0,0,0,0,0,none,,0,none,,,0,0,0,none,,0,none,,0,none,,none,0,Linear Trend,none,0,0,0,0,0,0,1,0,0,0,0,0,0,0,1,0
2020-02-02,1.473569165424162,0,0,1,0,0,0,0,1,0,0,0,0,0,0,0,0,0,0,0,none,,0,none,,,0,0,0,none,,0,none,,0,none,,none,0,Linear Trend,none,0,0,0,0,0,0,1,0,0,0,0,0,0,0,1,0
2020-02-03,1.4558233987915499,0,0,1,0,0,0,0,1,0,0,0,0,0,0,0,0,0,0,0,none,,0,none,,,0,0,0,none,,0,none,,0,none,,none,0,Linear Trend,none,0,0,0,0,0,0,1,0,0,0,0,0,0,0,1,0
2020-02-04,1.4589752837199255,0,0,1,0,0,0,0,1,0,0,0,0,0,0,0,0,0,0,0,none,,0,none,,,0,0,0,none,,0,none,,0,none,,none,0,Linear Trend,none,0,0,0,0,0,0,1,0,0,0,0,0,0,0,1,0
2020-02-05,1.4443458563621638,0,0,1,0,0,0,0,1,0,0,0,0,0,0,0,0,0,0,0,none,,0,none,,,0,0,0,none,,0,none,,0,none,,none,0,Linear Trend,none,0,0,0,0,0,0,1,0,0,0,0,0,0,0,1,0
2020-02-06,1.4512350271320655,0,0,1,0,0,0,0,1,0,0,0,0,0,0,0,0,0,0,0,none,,0,none,,,0,0,0,none,,0,none,,0,none,,none,0,Linear Trend,none,0,0,0,0,0,0,1,0,0,0,0,0,0,0,1,0
2020-02-07,1.4493609654579822,0,0,1,0,0,0,0,1,0,0,0,0,0,0,0,0,0,0,0,none,,0,none,,,0,0,0,none,,0,none,,0,none,,none,0,Linear Trend,none,0,0,0,0,0,0,1,0,0,0,0,0,0,0,1,0
2020-02-08,1.4328009140887288,0,0,1,0,0,0,0,1,0,0,0,0,0,0,0,0,0,0,0,none,,0,none,,,0,0,0,none,,0,none,,0,none,,none,0,Linear Trend,none,0,0,0,0,0,0,1,0,0,0,0,0,0,0,1,0
2020-02-09,1.4207595974593772,0,0,1,0,0,0,0,1,0,0,0,0,0,0,0,0,0,0,0,none,,0,none,,,0,0,0,none,,0,none,,0,none,,none,0,Linear Trend,none,0,0,0,0,0,0,1,0,0,0,0,0,0,0,1,0
2020-02-10,1.4120918129695106,0,0,1,0,0,0,0,1,0,0,0,0,0,0,0,0,0,0,0,none,,0,none,,,0,0,0,none,,0,none,,0,none,,none,0,Linear Trend,none,0,0,0,0,0,0,1,0,0,0,0,0,0,0,1,0
2020-02-11,1.410785756880258,0,0,1,0,0,0,0,1,0,0,0,0,0,0,0,0,0,0,0,none,,0,none,,,0,0,0,none,,0,none,,0,none,,none,0,Linear Trend,none,0,0,0,0,0,0,1,0,0,0,0,0,0,0,1,0
2020-02-12,1.4028309350094423,0,0,1,0,0,0,0,1,0,0,0,0,0,0,0,0,0,0,0,none,,0,none,,,0,0,0,none,,0,none,,0,none,,none,0,Linear Trend,none,0,0,0,0,0,0,1,0,0,0,0,0,0,0,1,0
2020-02-13,1.3907206385736677,0,0,1,0,0,0,0,1,0,0,0,0,0,0,0,0,0,0,0,none,,0,none,,,0,0,0,none,,0,none,,0,none,,none,0,Linear Trend,none,0,0,0,0,0,0,1,0,0,0,0,0,0,0,1,0
2020-02-14,1.385807236740336,0,0,1,0,0,0,0,1,0,0,0,0,0,0,0,0,0,0,0,none,,0,none,,,0,0,0,none,,0,none,,0,none,,none,0,Linear Trend,none,0,0,0,0,0,0,1,0,0,0,0,0,0,0,1,0
2020-02-15,1.3789539029383375,0,0,1,0,0,0,0,1,0,0,0,0,0,0,0,0,0,0,0,none,,0,none,,,0,0,0,none,,0,none,,0,none,,none,0,Linear Trend,none,0,0,0,0,0,0,1,0,0,0,0,0,0,0,1,0
2020-02-16,1.3782958666774796,0,0,1,0,0,0,0,1,0,0,0,0,0,0,0,0,0,0,0,none,,0,none,,,0,0,0,none,,0,none,,0,none,,none,0,Linear Trend,none,0,0,0,0,0,0,1,0,0,0,0,0,0,0,1,0
2020-02-17,1.3709442732259465,0,0,1,0,0,0,0,1,0,0,0,0,0,0,0,0,0,0,0,none,,0,none,,,0,0,0,none,,0,none,,0,none,,none,0,Linear Trend,none,0,0,0,0,0,0,1,0,0,0,0,0,0,0,1,0
2020-02-18,1.3576685436610667,0,0,1,0,0,0,0,1,0,0,0,0,0,0,0,0,0,0,0,none,,0,none,,,0,0,0,none,,0,none,,0,none,,none,0,Linear Trend,none,0,0,0,0,0,0,1,0,0,0,0,0,0,0,1,0
2020-02-19,1.3520913104209187,0,0,1,0,0,0,0,1,0,0,0,0,0,0,0,0,0,0,0,none,,0,none,,,0,0,0,none,,0,none,,0,none,,none,0,Linear Trend,none,0,0,0,0,0,0,1,0,0,0,0,0,0,0,1,0
2020-02-20,1.3394483268407893,0,0,1,0,0,0,0,1,0,0,0,0,0,0,0,0,0,0,0,none,,0,none,,,0,0,0,none,,0,none,,0,none,,none,0,Linear Trend,none,0,0,0,0,0,0,1,0,0,0,0,0,0,0,1,0
2020-02-21,1.3405229138719188,0,0,1,0,0,0,0,1,0,0,0,0,0,0,0,0,0,0,0,none,,0,none,,,0,0,0,none,,0,none,,0,none,,none,0,Linear Trend,none,0,0,0,0,0,0,1,0,0,0,0,0,0,0,1,0
2020-02-22,1.3232381698754694,0,0,1,0,0,0,0,1,0,0,0,0,0,0,0,0,0,0,0,none,,0,none,,,0,0,0,none,,0,none,,0,none,,none,0,Linear Trend,none,0,0,0,0,0,0,1,0,0,0,0,0,0,0,1,0
2020-02-23,1.3186615848393812,0,0,1,0,0,0,0,1,0,0,0,0,0,0,0,0,0,0,0,none,,0,none,,,0,0,0,none,,0,none,,0,none,,none,0,Linear Trend,none,0,0,0,0,0,0,1,0,0,0,0,0,0,0,1,0
2020-02-24,1.2986278763694403,0,0,1,0,0,0,0,1,0,0,0,0,0,0,0,0,0,0,0,none,,0,none,,,0,0,0,none,,0,none,,0,none,,none,0,Linear Trend,none,0,0,0,0,0,0,1,0,0,0,0,0,0,0,1,0
2020-02-25,1.3010575207901771,0,0,1,0,0,0,0,1,0,0,0,0,0,0,0,0,0,0,0,none,,0,none,,,0,0,0,none,,0,none,,0,none,,none,0,Linear Trend,none,0,0,0,0,0,0,1,0,0,0,0,0,0,0,1,0
2020-02-26,1.2889368931727823,0,0,1,0,0,0,0,1,0,0,0,0,0,0,0,0,0,0,0,none,,0,none,,,0,0,0,none,,0,none,,0,none,,none,0,Linear Trend,none,0,0,0,0,0,0,1,0,0,0,0,0,0,0,1,0
2020-02-27,1.289929644471454,0,0,1,0,0,0,0,1,0,0,0,0,0,0,0,0,0,0,0,none,,0,none,,,0,0,0,none,,0,none,,0,none,,none,0,Linear Trend,none,0,0,0,0,0,0,1,0,0,0,0,0,0,0,1,0
2020-02-28,1.2633162181309106,0,0,1,0,0,0,0,1,0,0,0,0,0,0,0,0,0,0,0,none,,0,none,,,0,0,0,none,,0,none,,0,none,,none,0,Linear Trend,none,0,0,0,0,0,0,1,0,0,0,0,0,0,0,1,0
2020-02-29,1.2850627415114875,0,0,1,0,0,0,0,1,0,0,0,0,0,0,0,0,0,0,0,none,,0,none,,,0,0,0,none,,0,none,,0,none,,none,0,Linear Trend,none,0,0,0,0,0,0,1,0,0,0,0,0,0,0,1,0
2020-03-01,1.2584892040420197,0,0,1,0,0,0,0,1,0,0,0,0,0,0,0,0,0,0,0,none,,0,none,,,0,0,0,none,,0,none,,0,none,,none,0,Linear Trend,none,0,0,0,0,0,0,1,0,0,0,0,0,0,0,1,0
2020-03-02,1.2619328067148674,0,0,1,0,0,0,0,1,0,0,0,0,0,0,0,0,0,0,0,none,,0,none,,,0,0,0,none,,0,none,,0,none,,none,0,Linear Trend,none,0,0,0,0,0,0,1,0,0,0,0,0,0,0,1,0
2020-03-03,1.2572594649224862,0,0,1,0,0,0,0,1,0,0,0,0,0,0,0,0,0,0,0,none,,0,none,,,0,0,0,none,,0,none,,0,none,,none,0,Linear Trend,none,0,0,0,0,0,0,1,0,0,0,0,0,0,0,1,0
2020-03-04,1.2366403483551063,0,0,1,0,0,0,0,1,0,0,0,0,0,0,0,0,0,0,0,none,,0,none,,,0,0,0,none,,0,none,,0,none,,none,0,Linear Trend,none,0,0,0,0,0,0,1,0,0,0,0,0,0,0,1,0
2020-03-05,1.2296790867516365,0,0,1,0,0,0,0,1,0,0,0,0,0,0,0,0,0,0,0,none,,0,none,,,0,0,0,none,,0,none,,0,none,,none,0,Linear Trend,none,0,0,0,0,0,0,1,0,0,0,0,0,0,0,1,0
2020-03-06,1.225662952891832,0,0,1,0,0,0,0,1,0,0,0,0,0,0,0,0,0,0,0,none,,0,none,,,0,0,0,none,,0,none,,0,none,,none,0,Linear Trend,none,0,0,0,0,0,0,1,0,0,0,0,0,0,0,1,0
2020-03-07,1.1984281682284137,0,0,1,0,0,0,0,1,0,0,0,0,0,0,0,0,0,0,0,none,,0,none,,,0,0,0,none,,0,none,,0,none,,none,0,Linear Trend,none,0,0,0,0,0,0,1,0,0,0,0,0,0,0,1,0
2020-03-08,1.2054448414222432,0,0,1,0,0,0,0,1,0,0,0,0,0,0,0,0,0,0,0,none,,0,none,,,0,0,0,none,,0,none,,0,none,,none,0,Linear Trend,none,0,0,0,0,0,0,1,0,0,0,0,0,0,0,1,0
2020-03-09,1.211718667009978,0,0,1,0,0,0,0,1,0,0,0,0,0,0,0,0,0,0,0,none,,0,none,,,0,0,0,none,,0,none,,0,none,,none,0,Linear Trend,none,0,0,0,0,0,0,1,0,0,0,0,0,0,0,1,0
2020-03-10,1.1960722019475738,0,0,1,0,0,0,0,1,0,0,0,0,0,0,0,0,0,0,0,none,,0,none,,,0,0,0,none,,0,none,,0,none,,none,0,Linear Trend,none,0,0,0,0,0,0,1,0,0,0,0,0,0,0,1,0
2020-03-11,1.1921456893771727,0,0,1,0,0,0,0,1,0,0,0,0,0,0,0,0,0,0,0,none,,0,none,,,0,0,0,none,,0,none,,0,none,,none,0,Linear Trend,none,0,0,0,0,0,0,1,0,0,0,0,0,0,0,1,0
2020-03-12,1.1676485501096805,0,0,1,0,0,0,0,1,0,0,0,0,0,0,0,0,0,0,0,none,,0,none,,,0,0,0,none,,0,none,,0,none,,none,0,Linear Trend,none,0,0,0,0,0,0,1,0,0,0,0,0,0,0,1,0
2020-03-13,1.1748781658528742,0,0,1,0,0,0,0,1,0,0,0,0,0,0,0,0,0,0,0,none,,0,none,,,0,0,0,none,,0,none,,0,none,,none,0,Linear Trend,none,0,0,0,0,0,0,1,0,0,0,0,0,0,0,1,0
2020-03-14,1.1601324530404127,0,0,1,0,0,0,0,1,0,0,0,0,0,0,0,0,0,0,0,none,,0,none,,,0,0,0,none,,0,none,,0,none,,none,0,Linear Trend,none,0,0,0,0,0,0,1,0,0,0,0,0,0,0,1,0
2020-03-15,1.15635757423244,0,0,1,0,0,0,0,1,0,0,0,0,0,0,0,0,0,0,0,none,,0,none,,,0,0,0,none,,0,none,,0,none,,none,0,Linear Trend,none,0,0,0,0,0,0,1,0,0,0,0,0,0,0,1,0
2020-03-16,1.1556314420781537,0,0,1,0,0,0,0,1,0,0,0,0,0,0,0,0,0,0,0,none,,0,none,,,0,0,0,none,,0,none,,0,none,,none,0,Linear Trend,none,0,0,0,0,0,0,1,0,0,0,0,0,0,0,1,0
2020-03-17,1.1327793603025003,0,0,1,0,0,0,0,1,0,0,0,0,0,0,0,0,0,0,0,none,,0,none,,,0,0,0,none,,0,none,,0,none,,none,0,Linear Trend,none,0,0,0,0,0,0,1,0,0,0,0,0,0,0,1,0
2020-03-18,1.1323941008241392,0,0,1,0,0,0,0,1,0,0,0,0,0,0,0,0,0,0,0,none,,0,none,,,0,0,0,none,,0,none,,0,none,,none,0,Linear Trend,none,0,0,0,0,0,0,1,0,0,0,0,0,0,0,1,0
2020-03-19,1.12377773335264,0,0,1,0,0,0,0,1,0,0,0,0,0,0,0,0,0,0,0,none,,0,none,,,0,0,0,none,,0,none,,0,none,,none,0,Linear Trend,none,0,0,0,0,0,0,1,0,0,0,0,0,0,0,1,0
2020-03-20,1.1122883741182357,0,0,1,0,0,0,0,1,0,0,0,0,0,0,0,0,0,0,0,none,,0,none,,,0,0,0,none,,0,none,,0,none,,none,0,Linear Trend,none,0,0,0,0,0,0,1,0,0,0,0,0,0,0,1,0
2020-03-21,1.0952720931332915,0,0,1,0,0,0,0,1,0,0,0,0,0,0,0,0,0,0,0,none,,0,none,,,0,0,0,none,,0,none,,0,none,,none,0,Linear Trend,none,0,0,0,0,0,0,1,0,0,0,0,0,0,0,1,0
2020-03-22,1.0973564917329595,0,0,1,0,0,0,0,1,0,0,0,0,0,0,0,0,0,0,0,none,,0,none,,,0,0,0,none,,0,none,,0,none,,none,0,Linear Trend,none,0,0,0,0,0,0,1,0,0,0,0,0,0,0,1,0
2020-03-23,1.1015723004407716,0,0,1,0,0,0,0,1,0,0,0,0,0,0,0,0,0,0,0,none,,0,none,,,0,0,0,none,,0,none,,0,none,,none,0,Linear Trend,none,0,0,0,0,0,0,1,0,0,0,0,0,0,0,1,0
2020-03-24,1.0824732770354646,0,0,1,0,0,0,0,1,0,0,0,0,0,0,0,0,0,0,0,none,,0,none,,,0,0,0,none,,0,none,,0,none,,none,0,Linear Trend,none,0,0,0,0,0,0,1,0,0,0,0,0,0,0,1,0
2020-03-25,1.0800081135074364,0,0,1,0,0,0,0,1,0,0,0,0,0,0,0,0,0,0,0,none,,0,none,,,0,0,0,none,,0,none,,0,none,,none,0,Linear Trend,none,0,0,0,0,0,0,1,0,0,0,0,0,0,0,1,0
2020-03-26,1.0716486920382782,0,0,1,0,0,0,0,1,0,0,0,0,0,0,0,0,0,0,0,none,,0,none,,,0,0,0,none,,0,none,,0,none,,none,0,Linear Trend,none,0,0,0,0,0,0,1,0,0,0,0,0,0,0,1,0
2020-03-27,1.0533532047177547,0,0,1,0,0,0,0,1,0,0,0,0,0,0,0,0,0,0,0,none,,0,none,,,0,0,0,none,,0,none,,0,none,,none,0,Linear Trend,none,0,0,0,0,0,0,1,0,0,0,0,0,0,0,1,0
2020-03-28,1.0400403305306507,0,0,1,0,0,0,0,1,0,0,0,0,0,0,0,0,0,0,0,none,,0,none,,,0,0,0,none,,0,none,,0,none,,none,0,Linear Trend,none,0,0,0,0,0,0,1,0,0,0,0,0,0,0,1,0
2020-03-29,1.045227168688641,0,0,1,0,0,0,0,1,0,0,0,0,0,0,0,0,0,0,0,none,,0,none,,,0,0,0,none,,0,none,,0,none,,none,0,Linear Trend,none,0,0,0,0,0,0,1,0,0,0,0,0,0,0,1,0
2020-03-30,1.030328761968682,0,0,1,0,0,0,0,1,0,0,0,0,0,0,0,0,0,0,0,none,,0,none,,,0,0,0,none,,0,none,,0,none,,none,0,Linear Trend,none,0,0,0,0,0,0,1,0,0,0,0,0,0,0,1,0
2020-03-31,1.0357751130910087,0,0,1,0,0,0,0,1,0,0,0,0,0,0,0,0,0,0,0,none,,0,none,,,0,0,0,none,,0,none,,0,none,,none,0,Linear Trend,none,0,0,0,0,0,0,1,0,0,0,0,0,0,0,1,0
2020-04-01,1.0152297439681395,0,0,1,0,0,0,0,1,0,0,0,0,0,0,0,0,0,0,0,none,,0,none,,,0,0,0,none,,0,none,,0,none,,none,0,Linear Trend,none,0,0,0,0,0,0,1,0,0,0,0,0,0,0,1,0
2020-04-02,1.0053798010457324,0,0,1,0,0,0,0,1,0,0,0,0,0,0,0,0,0,0,0,none,,0,none,,,0,0,0,none,,0,none,,0,none,,none,0,Linear Trend,none,0,0,0,0,0,0,1,0,0,0,0,0,0,0,1,0
2020-04-03,1.0155638100262339,0,0,1,0,0,0,0,1,0,0,0,0,0,0,0,0,0,0,0,none,,0,none,,,0,0,0,none,,0,none,,0,none,,none,0,Linear Trend,none,0,0,0,0,0,0,1,0,0,0,0,0,0,0,1,0
2020-04-04,0.9974306019372843,0,0,1,0,0,0,0,1,0,0,0,0,0,0,0,0,0,0,0,none,,0,none,,,0,0,0,none,,0,none,,0,none,,none,0,Linear Trend,none,0,0,0,0,0,0,1,0,0,0,0,0,0,0,1,0
2020-04-05,0.9907526683583571,0,0,1,0,0,0,0,1,0,0,0,0,0,0,0,0,0,0,0,none,,0,none,,,0,0,0,none,,0,none,,0,none,,none,0,Linear Trend,none,0,0,0,0,0,0,1,0,0,0,0,0,0,0,1,0
2020-04-06,0.9784707620626445,0,0,1,0,0,0,0,1,0,0,0,0,0,0,0,0,0,0,0,none,,0,none,,,0,0,0,none,,0,none,,0,none,,none,0,Linear Trend,none,0,0,0,0,0,0,1,0,0,0,0,0,0,0,1,0
2020-04-07,0.9716452330388704,0,0,1,0,0,0,0,1,0,0,0,0,0,0,0,0,0,0,0,none,,0,none,,,0,0,0,none,,0,none,,0,none,,none,0,Linear Trend,none,0,0,0,0,0,0,1,0,0,0,0,0,0,0,1,0
2020-04-08,0.9752469669580541,0,0,1,0,0,0,0,1,0,0,0,0,0,0,0,0,0,0,0,none,,0,none,,,0,0,0,none,,0,none,,0,none,,none,0,Linear Trend,none,0,0,0,0,0,0,1,0,0,0,0,0,0,0,1,0
2020-04-09,0.9722340971440214,0,0,1,0,0,0,0,1,0,0,0,0,0,0,0,0,0,0,0,none,,0,none,,,0,0,0,none,,0,none,,0,none,,none,0,Linear Trend,none,0,0,0,0,0,0,1,0,0,0,0,0,0,0,1,0
2020-04-10,0.9543229677100732,0,0,1,0,0,0,0,1,0,0,0,0,0,0,0,0,0,0,0,none,,0,none,,,0,0,0,none,,0,none,,0,none,,none,0,Linear Trend,none,0,0,0,0,0,0,1,0,0,0,0,0,0,0,1,0
2020-04-11,0.9581302214614925,0,0,1,0,0,0,0,1,0,0,0,0,0,0,0,0,0,0,0,none,,0,none,,,0,0,0,none,,0,none,,0,none,,none,0,Linear Trend,none,0,0,0,0,0,0,1,0,0,0,0,0,0,0,1,0
2020-04-12,0.9486885518861013,0,0,1,0,0,0,0,1,0,0,0,0,0,0,0,0,0,0,0,none,,0,none,,,0,0,0,none,,0,none,,0,none,,none,0,Linear Trend,none,0,0,0,0,0,0,1,0,0,0,0,0,0,0,1,0
2020-04-13,0.9139395272317454,0,0,1,0,0,0,0,1,0,0,0,0,0,0,0,0,0,0,0,none,,0,none,,,0,0,0,none,,0,none,,0,none,,none,0,Linear Trend,none,0,0,0,0,0,0,1,0,0,0,0,0,0,0,1,0
2020-04-14,0.9178819881952069,0,0,1,0,0,0,0,1,0,0,0,0,0,0,0,0,0,0,0,none,,0,none,,,0,0,0,none,,0,none,,0,none,,none,0,Linear Trend,none,0,0,0,0,0,0,1,0,0,0,0,0,0,0,1,0
2020-04-15,0.9226348803030875,0,0,1,0,0,0,0,1,0,0,0,0,0,0,0,0,0,0,0,none,,0,none,,,0,0,0,none,,0,none,,0,none,,none,0,Linear Trend,none,0,0,0,0,0,0,1,0,0,0,0,0,0,0,1,0
2020-04-16,0.917690052529983,0,0,1,0,0,0,0,1,0,0,0,0,0,0,0,0,0,0,0,none,,0,none,,,0,0,0,none,,0,none,,0,none,,none,0,Linear Trend,none,0,0,0,0,0,0,1,0,0,0,0,0,0,0,1,0
2020-04-17,0.8959817328870493,0,0,1,0,0,0,0,1,0,0,0,0,0,0,0,0,0,0,0,none,,0,none,,,0,0,0,none,,0,none,,0,none,,none,0,Linear Trend,none,0,0,0,0,0,0,1,0,0,0,0,0,0,0,1,0
2020-04-18,0.89000856313624,0,0,1,0,0,0,0,1,0,0,0,0,0,0,0,0,0,0,0,none,,0,none,,,0,0,0,none,,0,none,,0,none,,none,0,Linear Trend,none,0,0,0,0,0,0,1,0,0,0,0,0,0,0,1,0
2020-04-19,0.8982208691604078,0,0,1,0,0,0,0,1,0,0,0,0,0,0,0,0,0,0,0,none,,0,none,,,0,0,0,none,,0,none,,0,none,,none,0,Linear Trend,none,0,0,0,0,0,0,1,0,0,0,0,0,0,0,1,0
2020-04-20,0.8841964121590593,0,0,1,0,0,0,0,1,0,0,0,0,0,0,0,0,0,0,0,none,,0,none,,,0,0,0,none,,0,none,,0,none,,none,0,Linear Trend,none,0,0,0,0,0,0,1,0,0,0,0,0,0,0,1,0
2020-04-21,0.8746035061533233,0,0,1,0,0,0,0,1,0,0,0,0,0,0,0,0,0,0,0,none,,0,none,,,0,0,0,none,,0,none,,0,none,,none,0,Linear Trend,none,0,0,0,0,0,0,1,0,0,0,0,0,0,0,1,0
2020-04-22,0.8550402869057271,0,0,1,0,0,0,0,1,0,0,0,0,0,0,0,0,0,0,0,none,,0,none,,,0,0,0,none,,0,none,,0,none,,none,0,Linear Trend,none,0,0,0,0,0,0,1,0,0,0,0,0,0,0,1,0
2020-04-23,0.8589347738863409,0,0,1,0,0,0,0,1,0,0,0,0,0,0,0,0,0,0,0,none,,0,none,,,0,0,0,none,,0,none,,0,none,,none,0,Linear Trend,none,0,0,0,0,0,0,1,0,0,0,0,0,0,0,1,0
2020-04-24,0.8455604797105037,0,0,1,0,0,0,0,1,0,0,0,0,0,0,0,0,0,0,0,none,,0,none,,,0,0,0,none,,0,none,,0,none,,none,0,Linear Trend,none,0,0,0,0,0,0,1,0,0,0,0,0,0,0,1,0
2020-04-25,0.8394053797103285,0,0,1,0,0,0,0,1,0,0,0,0,0,0,0,0,0,0,0,none,,0,none,,,0,0,0,none,,0,none,,0,none,,none,0,Linear Trend,none,0,0,0,0,0,0,1,0,0,0,0,0,0,0,1,0
2020-04-26,0.8217855552431191,0,0,1,0,0,0,0,1,0,0,0,0,0,0,0,0,0,0,0,none,,0,none,,,0,0,0,none,,0,none,,0,none,,none,0,Linear Trend,none,0,0,0,0,0,0,1,0,0,0,0,0,0,0,1,0
2020-04-27,0.8216400671828042,0,0,1,0,0,0,0,1,0,0,0,0,0,0,0,0,0,0,0,none,,0,none,,,0,0,0,none,,0,none,,0,none,,none,0,Linear Trend,none,0,0,0,0,0,0,1,0,0,0,0,0,0,0,1,0
2020-04-28,0.8182610829370797,0,0,1,0,0,0,0,1,0,0,0,0,0,0,0,0,0,0,0,none,,0,none,,,0,0,0,none,,0,none,,0,none,,none,0,Linear Trend,none,0,0,0,0,0,0,1,0,0,0,0,0,0,0,1,0
2020-04-29,0.7944211004215174,0,0,1,0,0,0,0,1,0,0,0,0,0,0,0,0,0,0,0,none,,0,none,,,0,0,0,none,,0,none,,0,none,,none,0,Linear Trend,none,0,0,0,0,0,0,1,0,0,0,0,0,0,0,1,0
2020-04-30,0.7926568892057148,0,0,1,0,0,0,0,1,0,0,0,0,0,0,0,0,0,0,0,none,,0,none,,,0,0,0,none,,0,none,,0,none,,none,0,Linear Trend,none,0,0,0,0,0,0,1,0,0,0,0,0,0,0,1,0
2020-05-01,0.7910029803356864,0,0,1,0,0,0,0,1,0,0,0,0,0,0,0,0,0,0,0,none,,0,none,,,0,0,0,none,,0,none,,0,none,,none,0,Linear Trend,none,0,0,0,0,0,0,1,0,0,0,0,0,0,0,1,0
2020-05-02,0.788573446414902,0,0,1,0,0,0,0,1,0,0,0,0,0,0,0,0,0,0,0,none,,0,none,,,0,0,0,none,,0,none,,0,none,,none,0,Linear Trend,none,0,0,0,0,0,0,1,0,0,0,0,0,0,0,1,0
2020-05-03,0.7615710616535228,0,0,1,0,0,0,0,1,0,0,0,0,0,0,0,0,0,0,0,none,,0,none,,,0,0,0,none,,0,none,,0,none,,none,0,Linear Trend,none,0,0,0,0,0,0,1,0,0,0,0,0,0,0,1,0
2020-05-04,0.7743722413920457,0,0,1,0,0,0,0,1,0,0,0,0,0,0,0,0,0,0,0,none,,0,none,,,0,0,0,none,,0,none,,0,none,,none,0,Linear Trend,none,0,0,0,0,0,0,1,0,0,0,0,0,0,0,1,0
2020-05-05,0.7711068315453214,0,0,1,0,0,0,0,1,0,0,0,0,0,0,0,0,0,0,0,none,,0,none,,,0,0,0,none,,0,none,,0,none,,none,0,Linear Trend,none,0,0,0,0,0,0,1,0,0,0,0,0,0,0,1,0
2020-05-06,0.7696256813592545,0,0,1,0,0,0,0,1,0,0,0,0,0,0,0,0,0,0,0,none,,0,none,,,0,0,0,none,,0,none,,0,none,,none,0,Linear Trend,none,0,0,0,0,0,0,1,0,0,0,0,0,0,0,1,0
2020-05-07,0.750628074962839,0,0,1,0,0,0,0,1,0,0,0,0,0,0,0,0,0,0,0,none,,0,none,,,0,0,0,none,,0,none,,0,none,,none,0,Linear Trend,none,0,0,0,0,0,0,1,0,0,0,0,0,0,0,1,0
2020-05-08,0.7393768154662801,0,0,1,0,0,0,0,1,0,0,0,0,0,0,0,0,0,0,0,none,,0,none,,,0,0,0,none,,0,none,,0,none,,none,0,Linear Trend,none,0,0,0,0,0,0,1,0,0,0,0,0,0,0,1,0
2020-05-09,0.7030333159633847,0,0,1,0,0,0,0,1,0,0,0,0,0,0,0,0,0,0,0,none,,0,none,,,0,0,0,none,,0,none,,0,none,,none,0,Linear Trend,none,0,0,0,0,0,0,1,0,0,0,0,0,0,0,1,0
2020-05-10,0.7206901500907216,0,0,1,0,0,0,0,1,0,0,0,0,0,0,0,0,0,0,0,none,,0,none,,,0,0,0,none,,0,none,,0,none,,none,0,Linear Trend,none,0,0,0,0,0,0,1,0,0,0,0,0,0,0,1,0
2020-05-11,0.7266828776288715,0,0,1,0,0,0,0,1,0,0,0,0,0,0,0,0,0,0,0,none,,0,none,,,0,0,0,none,,0,none,,0,none,,none,0,Linear Trend,none,0,0,0,0,0,0,1,0,0,0,0,0,0,0,1,0
2020-05-12,0.7022906770915585,0,0,1,0,0,0,0,1,0,0,0,0,0,0,0,0,0,0,0,none,,0,none,,,0,0,0,none,,0,none,,0,none,,none,0,Linear Trend,none,0,0,0,0,0,0,1,0,0,0,0,0,0,0,1,0
2020-05-13,0.703311028923748,0,0,1,0,0,0,0,1,0,0,0,0,0,0,0,0,0,0,0,none,,0,none,,,0,0,0,none,,0,none,,0,none,,none,0,Linear Trend,none,0,0,0,0,0,0,1,0,0,0,0,0,0,0,1,0
2020-05-14,0.6981357777489322,0,0,1,0,0,0,0,1,0,0,0,0,0,0,0,0,0,0,0,none,,0,none,,,0,0,0,none,,0,none,,0,none,,none,0,Linear Trend,none,0,0,0,0,0,0,1,0,0,0,0,0,0,0,1,0
2020-05-15,0.6893212582496948,0,0,1,0,0,0,0,1,0,0,0,0,0,0,0,0,0,0,0,none,,0,none,,,0,0,0,none,,0,none,,0,none,,none,0,Linear Trend,none,0,0,0,0,0,0,1,0,0,0,0,0,0,0,1,0
2020-05-16,0.6668124380331477,0,0,1,0,0,0,0,1,0,0,0,0,0,0,0,0,0,0,0,none,,0,none,,,0,0,0,none,,0,none,,0,none,,none,0,Linear Trend,none,0,0,0,0,0,0,1,0,0,0,0,0,0,0,1,0
2020-05-17,0.6683668422852764,0,0,1,0,0,0,0,1,0,0,0,0,0,0,0,0,0,0,0,none,,0,none,,,0,0,0,none,,0,none,,0,none,,none,0,Linear Trend,none,0,0,0,0,0,0,1,0,0,0,0,0,0,0,1,0
2020-05-18,0.653458114783179,0,0,1,0,0,0,0,1,0,0,0,0,0,0,0,0,0,0,0,none,,0,none,,,0,0,0,none,,0,none,,0,none,,none,0,Linear Trend,none,0,0,0,0,0,0,1,0,0,0,0,0,0,0,1,0
2020-05-19,0.6540821678833694,0,0,1,0,0,0,0,1,0,0,0,0,0,0,0,0,0,0,0,none,,0,none,,,0,0,0,none,,0,none,,0,none,,none,0,Linear Trend,none,0,0,0,0,0,0,1,0,0,0,0,0,0,0,1,0
2020-05-20,0.6435815505468796,0,0,1,0,0,0,0,1,0,0,0,0,0,0,0,0,0,0,0,none,,0,none,,,0,0,0,none,,0,none,,0,none,,none,0,Linear Trend,none,0,0,0,0,0,0,1,0,0,0,0,0,0,0,1,0
2020-05-21,0.6416417757615742,0,0,1,0,0,0,0,1,0,0,0,0,0,0,0,0,0,0,0,none,,0,none,,,0,0,0,none,,0,none,,0,none,,none,0,Linear Trend,none,0,0,0,0,0,0,1,0,0,0,0,0,0,0,1,0
2020-05-22,0.618947484256259,0,0,1,0,0,0,0,1,0,0,0,0,0,0,0,0,0,0,0,none,,0,none,,,0,0,0,none,,0,none,,0,none,,none,0,Linear Trend,none,0,0,0,0,0,0,1,0,0,0,0,0,0,0,1,0
2020-05-23,0.642035226031061,0,0,1,0,0,0,0,1,0,0,0,0,0,0,0,0,0,0,0,none,,0,none,,,0,0,0,none,,0,none,,0,none,,none,0,Linear Trend,none,0,0,0,0,0,0,1,0,0,0,0,0,0,0,1,0
2020-05-24,0.629780324356905,0,0,1,0,0,0,0,1,0,0,0,0,0,0,0,0,0,0,0,none,,0,none,,,0,0,0,none,,0,none,,0,none,,none,0,Linear Trend,none,0,0,0,0,0,0,1,0,0,0,0,0,0,0,1,0
2020-05-25,0.6102288227602155,0,0,1,0,0,0,0,1,0,0,0,0,0,0,0,0,0,0,0,none,,0,none,,,0,0,0,none,,0,none,,0,none,,none,0,Linear Trend,none,0,0,0,0,0,0,1,0,0,0,0,0,0,0,1,0
2020-05-26,0.6101452516722233,0,0,1,0,0,0,0,1,0,0,0,0,0,0,0,0,0,0,0,none,,0,none,,,0,0,0,none,,0,none,,0,none,,none,0,Linear Trend,none,0,0,0,0,0,0,1,0,0,0,0,0,0,0,1,0
2020-05-27,0.5922339140986789,0,0,1,0,0,0,0,1,0,0,0,0,0,0,0,0,0,0,0,none,,0,none,,,0,0,0,none,,0,none,,0,none,,none,0,Linear Trend,none,0,0,0,0,0,0,1,0,0,0,0,0,0,0,1,0
2020-05-28,0.5860812855162559,0,0,1,0,0,0,0,1,0,0,0,0,0,0,0,0,0,0,0,none,,0,none,,,0,0,0,none,,0,none,,0,none,,none,0,Linear Trend,none,0,0,0,0,0,0,1,0,0,0,0,0,0,0,1,0
2020-05-29,0.5783726483665933,0,0,1,0,0,0,0,1,0,0,0,0,0,0,0,0,0,0,0,none,,0,none,,,0,0,0,none,,0,none,,0,none,,none,0,Linear Trend,none,0,0,0,0,0,0,1,0,0,0,0,0,0,0,1,0
2020-05-30,0.580766510991829,0,0,1,0,0,0,0,1,0,0,0,0,0,0,0,0,0,0,0,none,,0,none,,,0,0,0,none,,0,none,,0,none,,none,0,Linear Trend,none,0,0,0,0,0,0,1,0,0,0,0,0,0,0,1,0
2020-05-31,0.565344292118491,0,0,1,0,0,0,0,1,0,0,0,0,0,0,0,0,0,0,0,none,,0,none,,,0,0,0,none,,0,none,,0,none,,none,0,Linear Trend,none,0,0,0,0,0,0,1,0,0,0,0,0,0,0,1,0
2020-06-01,0.5499335307727088,0,0,1,0,0,0,0,1,0,0,0,0,0,0,0,0,0,0,0,none,,0,none,,,0,0,0,none,,0,none,,0,none,,none,0,Linear Trend,none,0,0,0,0,0,0,1,0,0,0,0,0,0,0,1,0
2020-06-02,0.5394340167421706,0,0,1,0,0,0,0,1,0,0,0,0,0,0,0,0,0,0,0,none,,0,none,,,0,0,0,none,,0,none,,0,none,,none,0,Linear Trend,none,0,0,0,0,0,0,1,0,0,0,0,0,0,0,1,0
2020-06-03,0.5527649320363628,0,0,1,0,0,0,0,1,0,0,0,0,0,0,0,0,0,0,0,none,,0,none,,,0,0,0,none,,0,none,,0,none,,none,0,Linear Trend,none,0,0,0,0,0,0,1,0,0,0,0,0,0,0,1,0
2020-06-04,0.5246119955817928,0,0,1,0,0,0,0,1,0,0,0,0,0,0,0,0,0,0,0,none,,0,none,,,0,0,0,none,,0,none,,0,none,,none,0,Linear Trend,none,0,0,0,0,0,0,1,0,0,0,0,0,0,0,1,0
2020-06-05,0.5154793006422961,0,0,1,0,0,0,0,1,0,0,0,0,0,0,0,0,0,0,0,none,,0,none,,,0,0,0,none,,0,none,,0,none,,none,0,Linear Trend,none,0,0,0,0,0,0,1,0,0,0,0,0,0,0,1,0
2020-06-06,0.512366331297247,0,0,1,0,0,0,0,1,0,0,0,0,0,0,0,0,0,0,0,none,,0,none,,,0,0,0,none,,0,none,,0,none,,none,0,Linear Trend,none,0,0,0,0,0,0,1,0,0,0,0,0,0,0,1,0
2020-06-07,0.5312592157790484,0,0,1,0,0,0,0,1,0,0,0,0,0,0,0,0,0,0,0,none,,0,none,,,0,0,0,none,,0,none,,0,none,,none,0,Linear Trend,none,0,0,0,0,0,0,1,0,0,0,0,0,0,0,1,0
2020-06-08,0.5130518878866128,0,0,1,0,0,0,0,1,0,0,0,0,0,0,0,0,0,0,0,none,,0,none,,,0,0,0,none,,0,none,,0,none,,none,0,Linear Trend,none,0,0,0,0,0,0,1,0,0,0,0,0,0,0,1,0
2020-06-09,0.4896194282445164,0,0,1,0,0,0,0,1,0,0,0,0,0,0,0,0,0,0,0,none,,0,none,,,0,0,0,none,,0,none,,0,none,,none,0,Linear Trend,none,0,0,0,0,0,0,1,0,0,0,0,0,0,0,1,0
2020-06-10,0.4905523832250379,0,0,1,0,0,0,0,1,0,0,0,0,0,0,0,0,0,0,0,none,,0,none,,,0,0,0,none,,0,none,,0,none,,none,0,Linear Trend,none,0,0,0,0,0,0,1,0,0,0,0,0,0,0,1,0
2020-06-11,0.48088750495360544,0,0,1,0,0,0,0,1,0,0,0,0,0,0,0,0,0,0,0,none,,0,none,,,0,0,0,none,,0,none,,0,none,,none,0,Linear Trend,none,0,0,0,0,0,0,1,0,0,0,0,0,0,0,1,0
2020-06-12,0.47358958791051237,0,0,1,0,0,0,0,1,0,0,0,0,0,0,0,0,0,0,0,none,,0,none,,,0,0,0,none,,0,none,,0,none,,none,0,Linear Trend,none,0,0,0,0,0,0,1,0,0,0,0,0,0,0,1,0
2020-06-13,0.446053345299626,0,0,1,0,0,0,0,1,0,0,0,0,0,0,0,0,0,0,0,none,,0,none,,,0,0,0,none,,0,none,,0,none,,none,0,Linear Trend,none,0,0,0,0,0,0,1,0,0,0,0,0,0,0,1,0
2020-06-14,0.4572071349156896,0,0,1,0,0,0,0,1,0,0,0,0,0,0,0,0,0,0,0,none,,0,none,,,0,0,0,none,,0,none,,0,none,,none,0,Linear Trend,none,0,0,0,0,0,0,1,0,0,0,0,0,0,0,1,0
2020-06-15,0.45197180327755737,0,0,1,0,0,0,0,1,0,0,0,0,0,0,0,0,0,0,0,none,,0,none,,,0,0,0,none,,0,none,,0,none,,none,0,Linear Trend,none,0,0,0,0,0,0,1,0,0,0,0,0,0,0,1,0
2020-06-16,0.4370814700127773,0,0,1,0,0,0,0,1,0,0,0,0,0,0,0,0,0,0,0,none,,0,none,,,0,0,0,none,,0,none,,0,none,,none,0,Linear Trend,none,0,0,0,0,0,0,1,0,0,0,0,0,0,0,1,0
2020-06-17,0.4497412882789292,0,0,1,0,0,0,0,1,0,0,0,0,0,0,0,0,0,0,0,none,,0,none,,,0,0,0,none,,0,none,,0,none,,none,0,Linear Trend,none,0,0,0,0,0,0,1,0,0,0,0,0,0,0,1,0
2020-06-18,0.42122179858522213,0,0,1,0,0,0,0,1,0,0,0,0,0,0,0,0,0,0,0,none,,0,none,,,0,0,0,none,,0,none,,0,none,,none,0,Linear Trend,none,0,0,0,0,0,0,1,0,0,0,0,0,0,0,1,0
2020-06-19,0.4322361549827624,0,0,1,0,0,0,0,1,0,0,0,0,0,0,0,0,0,0,0,none,,0,none,,,0,0,0,none,,0,none,,0,none,,none,0,Linear Trend,none,0,0,0,0,0,0,1,0,0,0,0,0,0,0,1,0
2020-06-20,0.41986932077245187,0,0,1,0,0,0,0,1,0,0,0,0,0,0,0,0,0,0,0,none,,0,none,,,0,0,0,none,,0,none,,0,none,,none,0,Linear Trend,none,0,0,0,0,0,0,1,0,0,0,0,0,0,0,1,0
2020-06-21,0.4002438011452509,0,0,1,0,0,0,0,1,0,0,0,0,0,0,0,0,0,0,0,none,,0,none,,,0,0,0,none,,0,none,,0,none,,none,0,Linear Trend,none,0,0,0,0,0,0,1,0,0,0,0,0,0,0,1,0
2020-06-22,0.4059049014346466,0,0,1,0,0,0,0,1,0,0,0,0,0,0,0,0,0,0,0,none,,0,none,,,0,0,0,none,,0,none,,0,none,,none,0,Linear Trend,none,0,0,0,0,0,0,1,0,0,0,0,0,0,0,1,0
2020-06-23,0.38407177157626654,0,0,1,0,0,0,0,1,0,0,0,0,0,0,0,0,0,0,0,none,,0,none,,,0,0,0,none,,0,none,,0,none,,none,0,Linear Trend,none,0,0,0,0,0,0,1,0,0,0,0,0,0,0,1,0
2020-06-24,0.3721086418435257,0,0,1,0,0,0,0,1,0,0,0,0,0,0,0,0,0,0,0,none,,0,none,,,0,0,0,none,,0,none,,0,none,,none,0,Linear Trend,none,0,0,0,0,0,0,1,0,0,0,0,0,0,0,1,0
2020-06-25,0.383603012787485,0,0,1,0,0,0,0,1,0,0,0,0,0,0,0,0,0,0,0,none,,0,none,,,0,0,0,none,,0,none,,0,none,,none,0,Linear Trend,none,0,0,0,0,0,0,1,0,0,0,0,0,0,0,1,0
2020-06-26,0.36801499357424533,0,0,1,0,0,0,0,1,0,0,0,0,0,0,0,0,0,0,0,none,,0,none,,,0,0,0,none,,0,none,,0,none,,none,0,Linear Trend,none,0,0,0,0,0,0,1,0,0,0,0,0,0,0,1,0
2020-06-27,0.35944046931281354,0,0,1,0,0,0,0,1,0,0,0,0,0,0,0,0,0,0,0,none,,0,none,,,0,0,0,none,,0,none,,0,none,,none,0,Linear Trend,none,0,0,0,0,0,0,1,0,0,0,0,0,0,0,1,0
2020-06-28,0.3351201716163869,0,0,1,0,0,0,0,1,0,0,0,0,0,0,0,0,0,0,0,none,,0,none,,,0,0,0,none,,0,none,,0,none,,none,0,Linear Trend,none,0,0,0,0,0,0,1,0,0,0,0,0,0,0,1,0
2020-06-29,0.35678606760812454,0,0,1,0,0,0,0,1,0,0,0,0,0,0,0,0,0,0,0,none,,0,none,,,0,0,0,none,,0,none,,0,none,,none,0,Linear Trend,none,0,0,0,0,0,0,1,0,0,0,0,0,0,0,1,0
2020-06-30,0.33948113409999325,0,0,1,0,0,0,0,1,0,0,0,0,0,0,0,0,0,0,0,none,,0,none,,,0,0,0,none,,0,none,,0,none,,none,0,Linear Trend,none,0,0,0,0,0,0,1,0,0,0,0,0,0,0,1,0
2020-07-01,0.32845731827456986,0,0,1,0,0,0,0,1,0,0,0,0,0,0,0,0,0,0,0,none,,0,none,,,0,0,0,none,,0,none,,0,none,,none,0,Linear Trend,none,0,0,0,0,0,0,1,0,0,0,0,0,0,0,1,0
2020-07-02,0.3099055512405842,0,0,1,0,0,0,0,1,0,0,0,0,0,0,0,0,0,0,0,none,,0,none,,,0,0,0,none,,0,none,,0,none,,none,0,Linear Trend,none,0,0,0,0,0,0,1,0,0,0,0,0,0,0,1,0
2020-07-03,0.32303271142502726,0,0,1,0,0,0,0,1,0,0,0,0,0,0,0,0,0,0,0,none,,0,none,,,0,0,0,none,,0,none,,0,none,,none,0,Linear Trend,none,0,0,0,0,0,0,1,0,0,0,0,0,0,0,1,0
2020-07-04,0.30462926273947794,0,0,1,0,0,0,0,1,0,0,0,0,0,0,0,0,0,0,0,none,,0,none,,,0,0,0,none,,0,none,,0,none,,none,0,Linear Trend,none,0,0,0,0,0,0,1,0,0,0,0,0,0,0,1,0
2020-07-05,0.29794682583494425,0,0,1,0,0,0,0,1,0,0,0,0,0,0,0,0,0,0,0,none,,0,none,,,0,0,0,none,,0,none,,0,none,,none,0,Linear Trend,none,0,0,0,0,0,0,1,0,0,0,0,0,0,0,1,0
2020-07-06,0.27459843062945505,0,0,1,0,0,0,0,1,0,0,0,0,0,0,0,0,0,0,0,none,,0,none,,,0,0,0,none,,0,none,,0,none,,none,0,Linear Trend,none,0,0,0,0,0,0,1,0,0,0,0,0,0,0,1,0
2020-07-07,0.2881246406932827,0,0,1,0,0,0,0,1,0,0,0,0,0,0,0,0,0,0,0,none,,0,none,,,0,0,0,none,,0,none,,0,none,,none,0,Linear Trend,none,0,0,0,0,0,0,1,0,0,0,0,0,0,0,1,0
2020-07-08,0.2752801573812146,0,0,1,0,0,0,0,1,0,0,0,0,0,0,0,0,0,0,0,none,,0,none,,,0,0,0,none,,0,none,,0,none,,none,0,Linear Trend,none,0,0,0,0,0,0,1,0,0,0,0,0,0,0,1,0
2020-07-09,0.2667335511201675,0,0,1,0,0,0,0,1,0,0,0,0,0,0,0,0,0,0,0,none,,0,none,,,0,0,0,none,,0,none,,0,none,,none,0,Linear Trend,none,0,0,0,0,0,0,1,0,0,0,0,0,0,0,1,0
2020-07-10,0.2678783899429848,0,0,1,0,0,0,0,1,0,0,0,0,0,0,0,0,0,0,0,none,,0,none,,,0,0,0,none,,0,none,,0,none,,none,0,Linear Trend,none,0,0,0,0,0,0,1,0,0,0,0,0,0,0,1,0
2020-07-11,0.2517164429700945,0,0,1,0,0,0,0,1,0,0,0,0,0,0,0,0,0,0,0,none,,0,none,,,0,0,0,none,,0,none,,0,none,,none,0,Linear Trend,none,0,0,0,0,0,0,1,0,0,0,0,0,0,0,1,0
2020-07-12,0.24739403768135604,0,0,1,0,0,0,0,1,0,0,0,0,0,0,0,0,0,0,0,none,,0,none,,,0,0,0,none,,0,none,,0,none,,none,0,Linear Trend,none,0,0,0,0,0,0,1,0,0,0,0,0,0,0,1,0
2020-07-13,0.23978123390399775,0,0,1,0,0,0,0,1,0,0,0,0,0,0,0,0,0,0,0,none,,0,none,,,0,0,0,none,,0,none,,0,none,,none,0,Linear Trend,none,0,0,0,0,0,0,1,0,0,0,0,0,0,0,1,0
2020-07-14,0.24062173786211036,0,0,1,0,0,0,0,1,0,0,0,0,0,0,0,0,0,0,0,none,,0,none,,,0,0,0,none,,0,none,,0,none,,none,0,Linear Trend,none,0,0,0,0,0,0,1,0,0,0,0,0,0,0,1,0
2020-07-15,0.2150693831376035,0,0,1,0,0,0,0,1,0,0,0,0,0,0,0,0,0,0,0,none,,0,none,,,0,0,0,none,,0,none,,0,none,,none,0,Linear Trend,none,0,0,0,0,0,0,1,0,0,0,0,0,0,0,1,0
2020-07-16,0.2269783146747866,0,0,1,0,0,0,0,1,0,0,0,0,0,0,0,0,0,0,0,none,,0,none,,,0,0,0,none,,0,none,,0,none,,none,0,Linear Trend,none,0,0,0,0,0,0,1,0,0,0,0,0,0,0,1,0
2020-07-17,0.21963489455851695,0,0,1,0,0,0,0,1,0,0,0,0,0,0,0,0,0,0,0,none,,0,none,,,0,0,0,none,,0,none,,0,none,,none,0,Linear Trend,none,0,0,0,0,0,0,1,0,0,0,0,0,0,0,1,0
2020-07-18,0.20063195702442216,0,0,1,0,0,0,0,1,0,0,0,0,0,0,0,0,0,0,0,none,,0,none,,,0,0,0,none,,0,none,,0,none,,none,0,Linear Trend,none,0,0,0,0,0,0,1,0,0,0,0,0,0,0,1,0
2020-07-19,0.18362777199668923,0,0,1,0,0,0,0,1,0,0,0,0,0,0,0,0,0,0,0,none,,0,none,,,0,0,0,none,,0,none,,0,none,,none,0,Linear Trend,none,0,0,0,0,0,0,1,0,0,0,0,0,0,0,1,0
2020-07-20,0.17755414202690248,0,0,1,0,0,0,0,1,0,0,0,0,0,0,0,0,0,0,0,none,,0,none,,,0,0,0,none,,0,none,,0,none,,none,0,Linear Trend,none,0,0,0,0,0,0,1,0,0,0,0,0,0,0,1,0
2020-07-21,0.1842338024476367,0,0,1,0,0,0,0,1,0,0,0,0,0,0,0,0,0,0,0,none,,0,none,,,0,0,0,none,,0,none,,0,none,,none,0,Linear Trend,none,0,0,0,0,0,0,1,0,0,0,0,0,0,0,1,0
2020-07-22,0.14891208903703823,0,0,1,0,0,0,0,1,0,0,0,0,0,0,0,0,0,0,0,none,,0,none,,,0,0,0,none,,0,none,,0,none,,none,0,Linear Trend,none,0,0,0,0,0,0,1,0,0,0,0,0,0,0,1,0
2020-07-23,0.15860754427045848,0,0,1,0,0,0,0,1,0,0,0,0,0,0,0,0,0,0,0,none,,0,none,,,0,0,0,none,,0,none,,0,none,,none,0,Linear Trend,none,0,0,0,0,0,0,1,0,0,0,0,0,0,0,1,0
2020-07-24,0.15047875727811572,0,0,1,0,0,0,0,1,0,0,0,0,0,0,0,0,0,0,0,none,,0,none,,,0,0,0,none,,0,none,,0,none,,none,0,Linear Trend,none,0,0,0,0,0,0,1,0,0,0,0,0,0,0,1,0
2020-07-25,0.1567191666499487,0,0,1,0,0,0,0,1,0,0,0,0,0,0,0,0,0,0,0,none,,0,none,,,0,0,0,none,,0,none,,0,none,,none,0,Linear Trend,none,0,0,0,0,0,0,1,0,0,0,0,0,0,0,1,0
2020-07-26,0.12864895549455013,0,0,1,0,0,0,0,1,0,0,0,0,0,0,0,0,0,0,0,none,,0,none,,,0,0,0,none,,0,none,,0,none,,none,0,Linear Trend,none,0,0,0,0,0,0,1,0,0,0,0,0,0,0,1,0
2020-07-27,0.1265384621889697,0,0,1,0,0,0,0,1,0,0,0,0,0,0,0,0,0,0,0,none,,0,none,,,0,0,0,none,,0,none,,0,none,,none,0,Linear Trend,none,0,0,0,0,0,0,1,0,0,0,0,0,0,0,1,0
2020-07-28,0.11244969457059859,0,0,1,0,0,0,0,1,0,0,0,0,0,0,0,0,0,0,0,none,,0,none,,,0,0,0,none,,0,none,,0,none,,none,0,Linear Trend,none,0,0,0,0,0,0,1,0,0,0,0,0,0,0,1,0
2020-07-29,0.12289694999201577,0,0,1,0,0,0,0,1,0,0,0,0,0,0,0,0,0,0,0,none,,0,none,,,0,0,0,none,,0,none,,0,none,,none,0,Linear Trend,none,0,0,0,0,0,0,1,0,0,0,0,0,0,0,1,0
2020-07-30,0.10366323380455908,0,0,1,0,0,0,0,1,0,0,0,0,0,0,0,0,0,0,0,none,,0,none,,,0,0,0,none,,0,none,,0,none,,none,0,Linear Trend,none,0,0,0,0,0,0,1,0,0,0,0,0,0,0,1,0
2020-07-31,0.11493242762279188,0,0,1,0,0,0,0,1,0,0,0,0,0,0,0,0,0,0,0,none,,0,none,,,0,0,0,none,,0,none,,0,none,,none,0,Linear Trend,none,0,0,0,0,0,0,1,0,0,0,0,0,0,0,1,0
2020-08-01,0.09173965826006811,0,0,1,0,0,0,0,1,0,0,0,0,0,0,0,0,0,0,0,none,,0,none,,,0,0,0,none,,0,none,,0,none,,none,0,Linear Trend,none,0,0,0,0,0,0,1,0,0,0,0,0,0,0,1,0
2020-08-02,0.08168505783682029,0,0,1,0,0,0,0,1,0,0,0,0,0,0,0,0,0,0,0,none,,0,none,,,0,0,0,none,,0,none,,0,none,,none,0,Linear Trend,none,0,0,0,0,0,0,1,0,0,0,0,0,0,0,1,0
2020-08-03,0.07771923994915331,0,0,1,0,0,0,0,1,0,0,0,0,0,0,0,0,0,0,0,none,,0,none,,,0,0,0,none,,0,none,,0,none,,none,0,Linear Trend,none,0,0,0,0,0,0,1,0,0,0,0,0,0,0,1,0
2020-08-04,0.06487623988687255,0,0,1,0,0,0,0,1,0,0,0,0,0,0,0,0,0,0,0,none,,0,none,,,0,0,0,none,,0,none,,0,none,,none,0,Linear Trend,none,0,0,0,0,0,0,1,0,0,0,0,0,0,0,1,0
2020-08-05,0.07115366664719182,0,0,1,0,0,0,0,1,0,0,0,0,0,0,0,0,0,0,0,none,,0,none,,,0,0,0,none,,0,none,,0,none,,none,0,Linear Trend,none,0,0,0,0,0,0,1,0,0,0,0,0,0,0,1,0
2020-08-06,0.05651450546912761,0,0,1,0,0,0,0,1,0,0,0,0,0,0,0,0,0,0,0,none,,0,none,,,0,0,0,none,,0,none,,0,none,,none,0,Linear Trend,none,0,0,0,0,0,0,1,0,0,0,0,0,0,0,1,0
2020-08-07,0.03677224037653228,0,0,1,0,0,0,0,1,0,0,0,0,0,0,0,0,0,0,0,none,,0,none,,,0,0,0,none,,0,none,,0,none,,none,0,Linear Trend,none,0,0,0,0,0,0,1,0,0,0,0,0,0,0,1,0
2020-08-08,0.052837989330678695,0,0,1,0,0,0,0,1,0,0,0,0,0,0,0,0,0,0,0,none,,0,none,,,0,0,0,none,,0,none,,0,none,,none,0,Linear Trend,none,0,0,0,0,0,0,1,0,0,0,0,0,0,0,1,0
2020-08-09,0.018745870485327755,0,0,1,0,0,0,0,1,0,0,0,0,0,0,0,0,0,0,0,none,,0,none,,,0,0,0,none,,0,none,,0,none,,none,0,Linear Trend,none,0,0,0,0,0,0,1,0,0,0,0,0,0,0,1,0
2020-08-10,0.016670670417882862,0,0,1,0,0,0,0,1,0,0,0,0,0,0,0,0,0,0,0,none,,0,none,,,0,0,0,none,,0,none,,0,none,,none,0,Linear Trend,none,0,0,0,0,0,0,1,0,0,0,0,0,0,0,1,0
2020-08-11,0.008112263460430806,0,0,1,0,0,0,0,1,0,0,0,0,0,0,0,0,0,0,0,none,,0,none,,,0,0,0,none,,0,none,,0,none,,none,0,Linear Trend,none,0,0,0,0,0,0,1,0,0,0,0,0,0,0,1,0
2020-08-12,0.02047366909071879,0,0,1,0,0,0,0,1,0,0,0,0,0,0,0,0,0,0,0,none,,0,none,,,0,0,0,none,,0,none,,0,none,,none,0,Linear Trend,none,0,0,0,0,0,0,1,0,0,0,0,0,0,0,1,0
2020-08-13,0.003388427893672015,0,0,1,0,0,0,0,1,0,0,0,0,0,0,0,0,0,0,0,none,,0,none,,,0,0,0,none,,0,none,,0,none,,none,0,Linear Trend,none,0,0,0,0,0,0,1,0,0,0,0,0,0,0,1,0
2020-08-14,-0.01227414206962268,0,0,1,0,0,0,0,1,0,0,0,0,0,0,0,0,0,0,0,none,,0,none,,,0,0,0,none,,0,none,,0,none,,none,0,Linear Trend,none,0,0,0,0,0,0,1,0,0,0,0,0,0,0,1,0
2020-08-15,-0.017040136363565956,0,0,1,0,0,0,0,1,0,0,0,0,0,0,0,0,0,0,0,none,,0,none,,,0,0,0,none,,0,none,,0,none,,none,0,Linear Trend,none,0,0,0,0,0,0,1,0,0,0,0,0,0,0,1,0
2020-08-16,-0.02662728062104507,0,0,1,0,0,0,0,1,0,0,0,0,0,0,0,0,0,0,0,none,,0,none,,,0,0,0,none,,0,none,,0,none,,none,0,Linear Trend,none,0,0,0,0,0,0,1,0,0,0,0,0,0,0,1,0
2020-08-17,-0.033937931342841336,0,0,1,0,0,0,0,1,0,0,0,0,0,0,0,0,0,0,0,none,,0,none,,,0,0,0,none,,0,none,,0,none,,none,0,Linear Trend,none,0,0,0,0,0,0,1,0,0,0,0,0,0,0,1,0
2020-08-18,-0.04908893125492104,0,0,1,0,0,0,0,1,0,0,0,0,0,0,0,0,0,0,0,none,,0,none,,,0,0,0,none,,0,none,,0,none,,none,0,Linear Trend,none,0,0,0,0,0,0,1,0,0,0,0,0,0,0,1,0
2020-08-19,-0.055929178887591066,0,0,1,0,0,0,0,1,0,0,0,0,0,0,0,0,0,0,0,none,,0,none,,,0,0,0,none,,0,none,,0,none,,none,0,Linear Trend,none,0,0,0,0,0,0,1,0,0,0,0,0,0,0,1,0
2020-08-20,-0.06356253954323861,0,0,1,0,0,0,0,1,0,0,0,0,0,0,0,0,0,0,0,none,,0,none,,,0,0,0,none,,0,none,,0,none,,none,0,Linear Trend,none,0,0,0,0,0,0,1,0,0,0,0,0,0,0,1,0
2020-08-21,-0.053530104694550336,0,0,1,0,0,0,0,1,0,0,0,0,0,0,0,0,0,0,0,none,,0,none,,,0,0,0,none,,0,none,,0,none,,none,0,Linear Trend,none,0,0,0,0,0,0,1,0,0,0,0,0,0,0,1,0
2020-08-22,-0.0665244494649916,0,0,1,0,0,0,0,1,0,0,0,0,0,0,0,0,0,0,0,none,,0,none,,,0,0,0,none,,0,none,,0,none,,none,0,Linear Trend,none,0,0,0,0,0,0,1,0,0,0,0,0,0,0,1,0
2020-08-23,-0.08203674542689511,0,0,1,0,0,0,0,1,0,0,0,0,0,0,0,0,0,0,0,none,,0,none,,,0,0,0,none,,0,none,,0,none,,none,0,Linear Trend,none,0,0,0,0,0,0,1,0,0,0,0,0,0,0,1,0
2020-08-24,-0.08639239586751692,0,0,1,0,0,0,0,1,0,0,0,0,0,0,0,0,0,0,0,none,,0,none,,,0,0,0,none,,0,none,,0,none,,none,0,Linear Trend,none,0,0,0,0,0,0,1,0,0,0,0,0,0,0,1,0
2020-08-25,-0.09141742357073267,0,0,1,0,0,0,0,1,0,0,0,0,0,0,0,0,0,0,0,none,,0,none,,,0,0,0,none,,0,none,,0,none,,none,0,Linear Trend,none,0,0,0,0,0,0,1,0,0,0,0,0,0,0,1,0
2020-08-26,-0.1067875312429029,0,0,1,0,0,0,0,1,0,0,0,0,0,0,0,0,0,0,0,none,,0,none,,,0,0,0,none,,0,none,,0,none,,none,0,Linear Trend,none,0,0,0,0,0,0,1,0,0,0,0,0,0,0,1,0
2020-08-27,-0.10602636113507995,0,0,1,0,0,0,0,1,0,0,0,0,0,0,0,0,0,0,0,none,,0,none,,,0,0,0,none,,0,none,,0,none,,none,0,Linear Trend,none,0,0,0,0,0,0,1,0,0,0,0,0,0,0,1,0
2020-08-28,-0.11014399309989659,0,0,1,0,0,0,0,1,0,0,0,0,0,0,0,0,0,0,0,none,,0,none,,,0,0,0,none,,0,none,,0,none,,none,0,Linear Trend,none,0,0,0,0,0,0,1,0,0,0,0,0,0,0,1,0
2020-08-29,-0.1254994065924089,0,0,1,0,0,0,0,1,0,0,0,0,0,0,0,0,0,0,0,none,,0,none,,,0,0,0,none,,0,none,,0,none,,none,0,Linear Trend,none,0,0,0,0,0,0,1,0,0,0,0,0,0,0,1,0
2020-08-30,-0.14314425767476574,0,0,1,0,0,0,0,1,0,0,0,0,0,0,0,0,0,0,0,none,,0,none,,,0,0,0,none,,0,none,,0,none,,none,0,Linear Trend,none,0,0,0,0,0,0,1,0,0,0,0,0,0,0,1,0
2020-08-31,-0.14670954576587136,0,0,1,0,0,0,0,1,0,0,0,0,0,0,0,0,0,0,0,none,,0,none,,,0,0,0,none,,0,none,,0,none,,none,0,Linear Trend,none,0,0,0,0,0,0,1,0,0,0,0,0,0,0,1,0
2020-09-01,-0.15541376399238874,0,0,1,0,0,0,0,1,0,0,0,0,0,0,0,0,0,0,0,none,,0,none,,,0,0,0,none,,0,none,,0,none,,none,0,Linear Trend,none,0,0,0,0,0,0,1,0,0,0,0,0,0,0,1,0
2020-09-02,-0.14706507348422143,0,0,1,0,0,0,0,1,0,0,0,0,0,0,0,0,0,0,0,none,,0,none,,,0,0,0,none,,0,none,,0,none,,none,0,Linear Trend,none,0,0,0,0,0,0,1,0,0,0,0,0,0,0,1,0
2020-09-03,-0.1555611691270876,0,0,1,0,0,0,0,1,0,0,0,0,0,0,0,0,0,0,0,none,,0,none,,,0,0,0,none,,0,none,,0,none,,none,0,Linear Trend,none,0,0,0,0,0,0,1,0,0,0,0,0,0,0,1,0
2020-09-04,-0.18219225932536215,0,0,1,0,0,0,0,1,0,0,0,0,0,0,0,0,0,0,0,none,,0,none,,,0,0,0,none,,0,none,,0,none,,none,0,Linear Trend,none,0,0,0,0,0,0,1,0,0,0,0,0,0,0,1,0
2020-09-05,-0.1573659913826659,0,0,1,0,0,0,0,1,0,0,0,0,0,0,0,0,0,0,0,none,,0,none,,,0,0,0,none,,0,none,,0,none,,none,0,Linear Trend,none,0,0,0,0,0,0,1,0,0,0,0,0,0,0,1,0
2020-09-06,-0.18104712328452888,0,0,1,0,0,0,0,1,0,0,0,0,0,0,0,0,0,0,0,none,,0,none,,,0,0,0,none,,0,none,,0,none,,none,0,Linear Trend,none,0,0,0,0,0,0,1,0,0,0,0,0,0,0,1,0
2020-09-07,-0.18413528197042833,0,0,1,0,0,0,0,1,0,0,0,0,0,0,0,0,0,0,0,none,,0,none,,,0,0,0,none,,0,none,,0,none,,none,0,Linear Trend,none,0,0,0,0,0,0,1,0,0,0,0,0,0,0,1,0
2020-09-08,-0.1991163883941384,0,0,1,0,0,0,0,1,0,0,0,0,0,0,0,0,0,0,0,none,,0,none,,,0,0,0,none,,0,none,,0,none,,none,0,Linear Trend,none,0,0,0,0,0,0,1,0,0,0,0,0,0,0,1,0
2020-09-09,-0.19360827540014922,0,0,1,0,0,0,0,1,0,0,0,0,0,0,0,0,0,0,0,none,,0,none,,,0,0,0,none,,0,none,,0,none,,none,0,Linear Trend,none,0,0,0,0,0,0,1,0,0,0,0,0,0,0,1,0
2020-09-10,-0.22011579808238196,0,0,1,0,0,0,0,1,0,0,0,0,0,0,0,0,0,0,0,none,,0,none,,,0,0,0,none,,0,none,,0,none,,none,0,Linear Trend,none,0,0,0,0,0,0,1,0,0,0,0,0,0,0,1,0
2020-09-11,-0.23053170965436012,0,0,1,0,0,0,0,1,0,0,0,0,0,0,0,0,0,0,0,none,,0,none,,,0,0,0,none,,0,none,,0,none,,none,0,Linear Trend,none,0,0,0,0,0,0,1,0,0,0,0,0,0,0,1,0
2020-09-12,-0.23939520363793834,0,0,1,0,0,0,0,1,0,0,0,0,0,0,0,0,0,0,0,none,,0,none,,,0,0,0,none,,0,none,,0,none,,none,0,Linear Trend,none,0,0,0,0,0,0,1,0,0,0,0,0,0,0,1,0
2020-09-13,-0.23136793635910474,0,0,1,0,0,0,0,1,0,0,0,0,0,0,0,0,0,0,0,none,,0,none,,,0,0,0,none,,0,none,,0,none,,none,0,Linear Trend,none,0,0,0,0,0,0,1,0,0,0,0,0,0,0,1,0
2020-09-14,-0.25098948095780266,0,0,1,0,0,0,0,1,0,0,0,0,0,0,0,0,0,0,0,none,,0,none,,,0,0,0,none,,0,none,,0,none,,none,0,Linear Trend,none,0,0,0,0,0,0,1,0,0,0,0,0,0,0,1,0
2020-09-15,-0.25034035530308596,0,0,1,0,0,0,0,1,0,0,0,0,0,0,0,0,0,0,0,none,,0,none,,,0,0,0,none,,0,none,,0,none,,none,0,Linear Trend,none,0,0,0,0,0,0,1,0,0,0,0,0,0,0,1,0
2020-09-16,-0.25608586528408545,0,0,1,0,0,0,0,1,0,0,0,0,0,0,0,0,0,0,0,none,,0,none,,,0,0,0,none,,0,none,,0,none,,none,0,Linear Trend,none,0,0,0,0,0,0,1,0,0,0,0,0,0,0,1,0
2020-09-17,-0.2763357602384485,0,0,1,0,0,0,0,1,0,0,0,0,0,0,0,0,0,0,0,none,,0,none,,,0,0,0,none,,0,none,,0,none,,none,0,Linear Trend,none,0,0,0,0,0,0,1,0,0,0,0,0,0,0,1,0
2020-09-18,-0.2886252565550823,0,0,1,0,0,0,0,1,0,0,0,0,0,0,0,0,0,0,0,none,,0,none,,,0,0,0,none,,0,none,,0,none,,none,0,Linear Trend,none,0,0,0,0,0,0,1,0,0,0,0,0,0,0,1,0
2020-09-19,-0.2843103463878796,0,0,1,0,0,0,0,1,0,0,0,0,0,0,0,0,0,0,0,none,,0,none,,,0,0,0,none,,0,none,,0,none,,none,0,Linear Trend,none,0,0,0,0,0,0,1,0,0,0,0,0,0,0,1,0
2020-09-20,-0.29160920328523005,0,0,1,0,0,0,0,1,0,0,0,0,0,0,0,0,0,0,0,none,,0,none,,,0,0,0,none,,0,none,,0,none,,none,0,Linear Trend,none,0,0,0,0,0,0,1,0,0,0,0,0,0,0,1,0
2020-09-21,-0.2918357435102841,0,0,1,0,0,0,0,1,0,0,0,0,0,0,0,0,0,0,0,none,,0,none,,,0,0,0,none,,0,none,,0,none,,none,0,Linear Trend,none,0,0,0,0,0,0,1,0,0,0,0,0,0,0,1,0
2020-09-22,-0.30947195065479816,0,0,1,0,0,0,0,1,0,0,0,0,0,0,0,0,0,0,0,none,,0,none,,,0,0,0,none,,0,none,,0,none,,none,0,Linear Trend,none,0,0,0,0,0,0,1,0,0,0,0,0,0,0,1,0
2020-09-23,-0.2939010367142223,0,0,1,0,0,0,0,1,0,0,0,0,0,0,0,0,0,0,0,none,,0,none,,,0,0,0,none,,0,none,,0,none,,none,0,Linear Trend,none,0,0,0,0,0,0,1,0,0,0,0,0,0,0,1,0
2020-09-24,-0.31279493602909986,0,0,1,0,0,0,0,1,0,0,0,0,0,0,0,0,0,0,0,none,,0,none,,,0,0,0,none,,0,none,,0,none,,none,0,Linear Trend,none,0,0,0,0,0,0,1,0,0,0,0,0,0,0,1,0
2020-09-25,-0.3237381250573399,0,0,1,0,0,0,0,1,0,0,0,0,0,0,0,0,0,0,0,none,,0,none,,,0,0,0,none,,0,none,,0,none,,none,0,Linear Trend,none,0,0,0,0,0,0,1,0,0,0,0,0,0,0,1,0
2020-09-26,-0.3416312343135085,0,0,1,0,0,0,0,1,0,0,0,0,0,0,0,0,0,0,0,none,,0,none,,,0,0,0,none,,0,none,,0,none,,none,0,Linear Trend,none,0,0,0,0,0,0,1,0,0,0,0,0,0,0,1,0
2020-09-27,-0.35435181679891997,0,0,1,0,0,0,0,1,0,0,0,0,0,0,0,0,0,0,0,none,,0,none,,,0,0,0,none,,0,none,,0,none,,none,0,Linear Trend,none,0,0,0,0,0,0,1,0,0,0,0,0,0,0,1,0
2020-09-28,-0.3548578456680561,0,0,1,0,0,0,0,1,0,0,0,0,0,0,0,0,0,0,0,none,,0,none,,,0,0,0,none,,0,none,,0,none,,none,0,Linear Trend,none,0,0,0,0,0,0,1,0,0,0,0,0,0,0,1,0
2020-09-29,-0.36882357019251233,0,0,1,0,0,0,0,1,0,0,0,0,0,0,0,0,0,0,0,none,,0,none,,,0,0,0,none,,0,none,,0,none,,none,0,Linear Trend,none,0,0,0,0,0,0,1,0,0,0,0,0,0,0,1,0
2020-09-30,-0.3653895213037336,0,0,1,0,0,0,0,1,0,0,0,0,0,0,0,0,0,0,0,none,,0,none,,,0,0,0,none,,0,none,,0,none,,none,0,Linear Trend,none,0,0,0,0,0,0,1,0,0,0,0,0,0,0,1,0
2020-10-01,-0.3745870127294347,0,0,1,0,0,0,0,1,0,0,0,0,0,0,0,0,0,0,0,none,,0,none,,,0,0,0,none,,0,none,,0,none,,none,0,Linear Trend,none,0,0,0,0,0,0,1,0,0,0,0,0,0,0,1,0
2020-10-02,-0.39873518173002503,0,0,1,0,0,0,0,1,0,0,0,0,0,0,0,0,0,0,0,none,,0,none,,,0,0,0,none,,0,none,,0,none,,none,0,Linear Trend,none,0,0,0,0,0,0,1,0,0,0,0,0,0,0,1,0
2020-10-03,-0.3884634288992356,0,0,1,0,0,0,0,1,0,0,0,0,0,0,0,0,0,0,0,none,,0,none,,,0,0,0,none,,0,none,,0,none,,none,0,Linear Trend,none,0,0,0,0,0,0,1,0,0,0,0,0,0,0,1,0
2020-10-04,-0.40260976841852814,0,0,1,0,0,0,0,1,0,0,0,0,0,0,0,0,0,0,0,none,,0,none,,,0,0,0,none,,0,none,,0,none,,none,0,Linear Trend,none,0,0,0,0,0,0,1,0,0,0,0,0,0,0,1,0
2020-10-05,-0.4087308639372382,0,0,1,0,0,0,0,1,0,0,0,0,0,0,0,0,0,0,0,none,,0,none,,,0,0,0,none,,0,none,,0,none,,none,0,Linear Trend,none,0,0,0,0,0,0,1,0,0,0,0,0,0,0,1,0
2020-10-06,-0.4211533831758412,0,0,1,0,0,0,0,1,0,0,0,0,0,0,0,0,0,0,0,none,,0,none,,,0,0,0,none,,0,none,,0,none,,none,0,Linear Trend,none,0,0,0,0,0,0,1,0,0,0,0,0,0,0,1,0
2020-10-07,-0.4110996033369726,0,0,1,0,0,0,0,1,0,0,0,0,0,0,0,0,0,0,0,none,,0,none,,,0,0,0,none,,0,none,,0,none,,none,0,Linear Trend,none,0,0,0,0,0,0,1,0,0,0,0,0,0,0,1,0
2020-10-08,-0.42637503330786575,0,0,1,0,0,0,0,1,0,0,0,0,0,0,0,0,0,0,0,none,,0,none,,,0,0,0,none,,0,none,,0,none,,none,0,Linear Trend,none,0,0,0,0,0,0,1,0,0,0,0,0,0,0,1,0
2020-10-09,-0.4447593076477198,0,0,1,0,0,0,0,1,0,0,0,0,0,0,0,0,0,0,0,none,,0,none,,,0,0,0,none,,0,none,,0,none,,none,0,Linear Trend,none,0,0,0,0,0,0,1,0,0,0,0,0,0,0,1,0
2020-10-10,-0.4619181405830048,0,0,1,0,0,0,0,1,0,0,0,0,0,0,0,0,0,0,0,none,,0,none,,,0,0,0,none,,0,none,,0,none,,none,0,Linear Trend,none,0,0,0,0,0,0,1,0,0,0,0,0,0,0,1,0
2020-10-11,-0.4635393474108776,0,0,1,0,0,0,0,1,0,0,0,0,0,0,0,0,0,0,0,none,,0,none,,,0,0,0,none,,0,none,,0,none,,none,0,Linear Trend,none,0,0,0,0,0,0,1,0,0,0,0,0,0,0,1,0
2020-10-12,-0.4840998072326447,0,0,1,0,0,0,0,1,0,0,0,0,0,0,0,0,0,0,0,none,,0,none,,,0,0,0,none,,0,none,,0,none,,none,0,Linear Trend,none,0,0,0,0,0,0,1,0,0,0,0,0,0,0,1,0
2020-10-13,-0.48694763789812057,0,0,1,0,0,0,0,1,0,0,0,0,0,0,0,0,0,0,0,none,,0,none,,,0,0,0,none,,0,none,,0,none,,none,0,Linear Trend,none,0,0,0,0,0,0,1,0,0,0,0,0,0,0,1,0
2020-10-14,-0.48829772414994976,0,0,1,0,0,0,0,1,0,0,0,0,0,0,0,0,0,0,0,none,,0,none,,,0,0,0,none,,0,none,,0,none,,none,0,Linear Trend,none,0,0,0,0,0,0,1,0,0,0,0,0,0,0,1,0
2020-10-15,-0.47786116726285444,0,0,1,0,0,0,0,1,0,0,0,0,0,0,0,0,0,0,0,none,,0,none,,,0,0,0,none,,0,none,,0,none,,none,0,Linear Trend,none,0,0,0,0,0,0,1,0,0,0,0,0,0,0,1,0
2020-10-16,-0.5052379613115916,0,0,1,0,0,0,0,1,0,0,0,0,0,0,0,0,0,0,0,none,,0,none,,,0,0,0,none,,0,none,,0,none,,none,0,Linear Trend,none,0,0,0,0,0,0,1,0,0,0,0,0,0,0,1,0
2020-10-17,-0.49293815914435446,0,0,1,0,0,0,0,1,0,0,0,0,0,0,0,0,0,0,0,none,,0,none,,,0,0,0,none,,0,none,,0,none,,none,0,Linear Trend,none,0,0,0,0,0,0,1,0,0,0,0,0,0,0,1,0
2020-10-18,-0.5111989013998163,0,0,1,0,0,0,0,1,0,0,0,0,0,0,0,0,0,0,0,none,,0,none,,,0,0,0,none,,0,none,,0,none,,none,0,Linear Trend,none,0,0,0,0,0,0,1,0,0,0,0,0,0,0,1,0
2020-10-19,-0.5080062895399232,0,0,1,0,0,0,0,1,0,0,0,0,0,0,0,0,0,0,0,none,,0,none,,,0,0,0,none,,0,none,,0,none,,none,0,Linear Trend,none,0,0,0,0,0,0,1,0,0,0,0,0,0,0,1,0
2020-10-20,-0.5411306872528927,0,0,1,0,0,0,0,1,0,0,0,0,0,0,0,0,0,0,0,none,,0,none,,,0,0,0,none,,0,none,,0,none,,none,0,Linear Trend,none,0,0,0,0,0,0,1,0,0,0,0,0,0,0,1,0
2020-10-21,-0.5362830953024663,0,0,1,0,0,0,0,1,0,0,0,0,0,0,0,0,0,0,0,none,,0,none,,,0,0,0,none,,0,none,,0,none,,none,0,Linear Trend,none,0,0,0,0,0,0,1,0,0,0,0,0,0,0,1,0
2020-10-22,-0.5414775974624094,0,0,1,0,0,0,0,1,0,0,0,0,0,0,0,0,0,0,0,none,,0,none,,,0,0,0,none,,0,none,,0,none,,none,0,Linear Trend,none,0,0,0,0,0,0,1,0,0,0,0,0,0,0,1,0
2020-10-23,-0.5508514606295406,0,0,1,0,0,0,0,1,0,0,0,0,0,0,0,0,0,0,0,none,,0,none,,,0,0,0,none,,0,none,,0,none,,none,0,Linear Trend,none,0,0,0,0,0,0,1,0,0,0,0,0,0,0,1,0
2020-10-24,-0.5504142985815886,0,0,1,0,0,0,0,1,0,0,0,0,0,0,0,0,0,0,0,none,,0,none,,,0,0,0,none,,0,none,,0,none,,none,0,Linear Trend,none,0,0,0,0,0,0,1,0,0,0,0,0,0,0,1,0
2020-10-25,-0.5479979975993243,0,0,1,0,0,0,0,1,0,0,0,0,0,0,0,0,0,0,0,none,,0,none,,,0,0,0,none,,0,none,,0,none,,none,0,Linear Trend,none,0,0,0,0,0,0,1,0,0,0,0,0,0,0,1,0
2020-10-26,-0.5627726480330246,0,0,1,0,0,0,0,1,0,0,0,0,0,0,0,0,0,0,0,none,,0,none,,,0,0,0,none,,0,none,,0,none,,none,0,Linear Trend,none,0,0,0,0,0,0,1,0,0,0,0,0,0,0,1,0
2020-10-27,-0.5748617762890321,0,0,1,0,0,0,0,1,0,0,0,0,0,0,0,0,0,0,0,none,,0,none,,,0,0,0,none,,0,none,,0,none,,none,0,Linear Trend,none,0,0,0,0,0,0,1,0,0,0,0,0,0,0,1,0
2020-10-28,-0.5870616655161316,0,0,1,0,0,0,0,1,0,0,0,0,0,0,0,0,0,0,0,none,,0,none,,,0,0,0,none,,0,none,,0,none,,none,0,Linear Trend,none,0,0,0,0,0,0,1,0,0,0,0,0,0,0,1,0
2020-10-29,-0.5890347964739117,0,0,1,0,0,0,0,1,0,0,0,0,0,0,0,0,0,0,0,none,,0,none,,,0,0,0,none,,0,none,,0,none,,none,0,Linear Trend,none,0,0,0,0,0,0,1,0,0,0,0,0,0,0,1,0
2020-10-30,-0.597093430700392,0,0,1,0,0,0,0,1,0,0,0,0,0,0,0,0,0,0,0,none,,0,none,,,0,0,0,none,,0,none,,0,none,,none,0,Linear Trend,none,0,0,0,0,0,0,1,0,0,0,0,0,0,0,1,0
2020-10-31,-0.6199170065654606,0,0,1,0,0,0,0,1,0,0,0,0,0,0,0,0,0,0,0,none,,0,none,,,0,0,0,none,,0,none,,0,none,,none,0,Linear Trend,none,0,0,0,0,0,0,1,0,0,0,0,0,0,0,1,0
2020-11-01,-0.6130435080430305,0,0,1,0,0,0,0,1,0,0,0,0,0,0,0,0,0,0,0,none,,0,none,,,0,0,0,none,,0,none,,0,none,,none,0,Linear Trend,none,0,0,0,0,0,0,1,0,0,0,0,0,0,0,1,0
2020-11-02,-0.631750072648484,0,0,1,0,0,0,0,1,0,0,0,0,0,0,0,0,0,0,0,none,,0,none,,,0,0,0,none,,0,none,,0,none,,none,0,Linear Trend,none,0,0,0,0,0,0,1,0,0,0,0,0,0,0,1,0
2020-11-03,-0.632040675981101,0,0,1,0,0,0,0,1,0,0,0,0,0,0,0,0,0,0,0,none,,0,none,,,0,0,0,none,,0,none,,0,none,,none,0,Linear Trend,none,0,0,0,0,0,0,1,0,0,0,0,0,0,0,1,0
2020-11-04,-0.6340410007777227,0,0,1,0,0,0,0,1,0,0,0,0,0,0,0,0,0,0,0,none,,0,none,,,0,0,0,none,,0,none,,0,none,,none,0,Linear Trend,none,0,0,0,0,0,0,1,0,0,0,0,0,0,0,1,0
2020-11-05,-0.6416209340074185,0,0,1,0,0,0,0,1,0,0,0,0,0,0,0,0,0,0,0,none,,0,none,,,0,0,0,none,,0,none,,0,none,,none,0,Linear Trend,none,0,0,0,0,0,0,1,0,0,0,0,0,0,0,1,0
2020-11-06,-0.6661735817578194,0,0,1,0,0,0,0,1,0,0,0,0,0,0,0,0,0,0,0,none,,0,none,,,0,0,0,none,,0,none,,0,none,,none,0,Linear Trend,none,0,0,0,0,0,0,1,0,0,0,0,0,0,0,1,0
2020-11-07,-0.6654975072340857,0,0,1,0,0,0,0,1,0,0,0,0,0,0,0,0,0,0,0,none,,0,none,,,0,0,0,none,,0,none,,0,none,,none,0,Linear Trend,none,0,0,0,0,0,0,1,0,0,0,0,0,0,0,1,0
2020-11-08,-0.6811514548231289,0,0,1,0,0,0,0,1,0,0,0,0,0,0,0,0,0,0,0,none,,0,none,,,0,0,0,none,,0,none,,0,none,,none,0,Linear Trend,none,0,0,0,0,0,0,1,0,0,0,0,0,0,0,1,0
2020-11-09,-0.6951062199340333,0,0,1,0,0,0,0,1,0,0,0,0,0,0,0,0,0,0,0,none,,0,none,,,0,0,0,none,,0,none,,0,none,,none,0,Linear Trend,none,0,0,0,0,0,0,1,0,0,0,0,0,0,0,1,0
2020-11-10,-0.6859498946455109,0,0,1,0,0,0,0,1,0,0,0,0,0,0,0,0,0,0,0,none,,0,none,,,0,0,0,none,,0,none,,0,none,,none,0,Linear Trend,none,0,0,0,0,0,0,1,0,0,0,0,0,0,0,1,0
2020-11-11,-0.70332864621813,0,0,1,0,0,0,0,1,0,0,0,0,0,0,0,0,0,0,0,none,,0,none,,,0,0,0,none,,0,none,,0,none,,none,0,Linear Trend,none,0,0,0,0,0,0,1,0,0,0,0,0,0,0,1,0
2020-11-12,-0.7061784462261258,0,0,1,0,0,0,0,1,0,0,0,0,0,0,0,0,0,0,0,none,,0,none,,,0,0,0,none,,0,none,,0,none,,none,0,Linear Trend,none,0,0,0,0,0,0,1,0,0,0,0,0,0,0,1,0
2020-11-13,-0.7129298469605723,0,0,1,0,0,0,0,1,0,0,0,0,0,0,0,0,0,0,0,none,,0,none,,,0,0,0,none,,0,none,,0,none,,none,0,Linear Trend,none,0,0,0,0,0,0,1,0,0,0,0,0,0,0,1,0
2020-11-14,-0.726493271961246,0,0,1,0,0,0,0,1,0,0,0,0,0,0,0,0,0,0,0,none,,0,none,,,0,0,0,none,,0,none,,0,none,,none,0,Linear Trend,none,0,0,0,0,0,0,1,0,0,0,0,0,0,0,1,0
2020-11-15,-0.7366595477320655,0,0,1,0,0,0,0,1,0,0,0,0,0,0,0,0,0,0,0,none,,0,none,,,0,0,0,none,,0,none,,0,none,,none,0,Linear Trend,none,0,0,0,0,0,0,1,0,0,0,0,0,0,0,1,0
2020-11-16,-0.7229218646732345,0,0,1,0,0,0,0,1,0,0,0,0,0,0,0,0,0,0,0,none,,0,none,,,0,0,0,none,,0,none,,0,none,,none,0,Linear Trend,none,0,0,0,0,0,0,1,0,0,0,0,0,0,0,1,0
2020-11-17,-0.733931877951819,0,0,1,0,0,0,0,1,0,0,0,0,0,0,0,0,0,0,0,none,,0,none,,,0,0,0,none,,0,none,,0,none,,none,0,Linear Trend,none,0,0,0,0,0,0,1,0,0,0,0,0,0,0,1,0
2020-11-18,-0.7674835029266462,0,0,1,0,0,0,0,1,0,0,0,0,0,0,0,0,0,0,0,none,,0,none,,,0,0,0,none,,0,none,,0,none,,none,0,Linear Trend,none,0,0,0,0,0,0,1,0,0,0,0,0,0,0,1,0
2020-11-19,-0.7622263394412336,0,0,1,0,0,0,0,1,0,0,0,0,0,0,0,0,0,0,0,none,,0,none,,,0,0,0,none,,0,none,,0,none,,none,0,Linear Trend,none,0,0,0,0,0,0,1,0,0,0,0,0,0,0,1,0
2020-11-20,-0.7700135760258303,0,0,1,0,0,0,0,1,0,0,0,0,0,0,0,0,0,0,0,none,,0,none,,,0,0,0,none,,0,none,,0,none,,none,0,Linear Trend,none,0,0,0,0,0,0,1,0,0,0,0,0,0,0,1,0
2020-11-21,-0.7821463627490585,0,0,1,0,0,0,0,1,0,0,0,0,0,0,0,0,0,0,0,none,,0,none,,,0,0,0,none,,0,none,,0,none,,none,0,Linear Trend,none,0,0,0,0,0,0,1,0,0,0,0,0,0,0,1,0
2020-11-22,-0.7834044725820365,0,0,1,0,0,0,0,1,0,0,0,0,0,0,0,0,0,0,0,none,,0,none,,,0,0,0,none,,0,none,,0,none,,none,0,Linear Trend,none,0,0,0,0,0,0,1,0,0,0,0,0,0,0,1,0
2020-11-23,-0.7795906006299027,0,0,1,0,0,0,0,1,0,0,0,0,0,0,0,0,0,0,0,none,,0,none,,,0,0,0,none,,0,none,,0,none,,none,0,Linear Trend,none,0,0,0,0,0,0,1,0,0,0,0,0,0,0,1,0
2020-11-24,-0.8026747575084313,0,0,1,0,0,0,0,1,0,0,0,0,0,0,0,0,0,0,0,none,,0,none,,,0,0,0,none,,0,none,,0,none,,none,0,Linear Trend,none,0,0,0,0,0,0,1,0,0,0,0,0,0,0,1,0
2020-11-25,-0.7963760669110418,0,0,1,0,0,0,0,1,0,0,0,0,0,0,0,0,0,0,0,none,,0,none,,,0,0,0,none,,0,none,,0,none,,none,0,Linear Trend,none,0,0,0,0,0,0,1,0,0,0,0,0,0,0,1,0
2020-11-26,-0.8167910638527527,0,0,1,0,0,0,0,1,0,0,0,0,0,0,0,0,0,0,0,none,,0,none,,,0,0,0,none,,0,none,,0,none,,none,0,Linear Trend,none,0,0,0,0,0,0,1,0,0,0,0,0,0,0,1,0
2020-11-27,-0.8298164823370838,0,0,1,0,0,0,0,1,0,0,0,0,0,0,0,0,0,0,0,none,,0,none,,,0,0,0,none,,0,none,,0,none,,none,0,Linear Trend,none,0,0,0,0,0,0,1,0,0,0,0,0,0,0,1,0
2020-11-28,-0.8302028231386359,0,0,1,0,0,0,0,1,0,0,0,0,0,0,0,0,0,0,0,none,,0,none,,,0,0,0,none,,0,none,,0,none,,none,0,Linear Trend,none,0,0,0,0,0,0,1,0,0,0,0,0,0,0,1,0
2020-11-29,-0.8377183603461845,0,0,1,0,0,0,0,1,0,0,0,0,0,0,0,0,0,0,0,none,,0,none,,,0,0,0,none,,0,none,,0,none,,none,0,Linear Trend,none,0,0,0,0,0,0,1,0,0,0,0,0,0,0,1,0
2020-11-30,-0.8455710048766475,0,0,1,0,0,0,0,1,0,0,0,0,0,0,0,0,0,0,0,none,,0,none,,,0,0,0,none,,0,none,,0,none,,none,0,Linear Trend,none,0,0,0,0,0,0,1,0,0,0,0,0,0,0,1,0
2020-12-01,-0.8410437022422865,0,0,1,0,0,0,0,1,0,0,0,0,0,0,0,0,0,0,0,none,,0,none,,,0,0,0,none,,0,none,,0,none,,none,0,Linear Trend,none,0,0,0,0,0,0,1,0,0,0,0,0,0,0,1,0
2020-12-02,-0.8671094860670916,0,0,1,0,0,0,0,1,0,0,0,0,0,0,0,0,0,0,0,none,,0,none,,,0,0,0,none,,0,none,,0,none,,none,0,Linear Trend,none,0,0,0,0,0,0,1,0,0,0,0,0,0,0,1,0
2020-12-03,-0.8729404576699538,0,0,1,0,0,0,0,1,0,0,0,0,0,0,0,0,0,0,0,none,,0,none,,,0,0,0,none,,0,none,,0,none,,none,0,Linear Trend,none,0,0,0,0,0,0,1,0,0,0,0,0,0,0,1,0
2020-12-04,-0.882767529382899,0,0,1,0,0,0,0,1,0,0,0,0,0,0,0,0,0,0,0,none,,0,none,,,0,0,0,none,,0,none,,0,none,,none,0,Linear Trend,none,0,0,0,0,0,0,1,0,0,0,0,0,0,0,1,0
2020-12-05,-0.8704631475015604,0,0,1,0,0,0,0,1,0,0,0,0,0,0,0,0,0,0,0,none,,0,none,,,0,0,0,none,,0,none,,0,none,,none,0,Linear Trend,none,0,0,0,0,0,0,1,0,0,0,0,0,0,0,1,0
2020-12-06,-0.8864768888888057,0,0,1,0,0,0,0,1,0,0,0,0,0,0,0,0,0,0,0,none,,0,none,,,0,0,0,none,,0,none,,0,none,,none,0,Linear Trend,none,0,0,0,0,0,0,1,0,0,0,0,0,0,0,1,0
2020-12-07,-0.8938934759137389,0,0,1,0,0,0,0,1,0,0,0,0,0,0,0,0,0,0,0,none,,0,none,,,0,0,0,none,,0,none,,0,none,,none,0,Linear Trend,none,0,0,0,0,0,0,1,0,0,0,0,0,0,0,1,0
2020-12-08,-0.9104033887466174,0,0,1,0,0,0,0,1,0,0,0,0,0,0,0,0,0,0,0,none,,0,none,,,0,0,0,none,,0,none,,0,none,,none,0,Linear Trend,none,0,0,0,0,0,0,1,0,0,0,0,0,0,0,1,0
2020-12-09,-0.9100338396719383,0,0,1,0,0,0,0,1,0,0,0,0,0,0,0,0,0,0,0,none,,0,none,,,0,0,0,none,,0,none,,0,none,,none,0,Linear Trend,none,0,0,0,0,0,0,1,0,0,0,0,0,0,0,1,0
2020-12-10,-0.9145616283336864,0,0,1,0,0,0,0,1,0,0,0,0,0,0,0,0,0,0,0,none,,0,none,,,0,0,0,none,,0,none,,0,none,,none,0,Linear Trend,none,0,0,0,0,0,0,1,0,0,0,0,0,0,0,1,0
2020-12-11,-0.9333770886524587,0,0,1,0,0,0,0,1,0,0,0,0,0,0,0,0,0,0,0,none,,0,none,,,0,0,0,none,,0,none,,0,none,,none,0,Linear Trend,none,0,0,0,0,0,0,1,0,0,0,0,0,0,0,1,0
2020-12-12,-0.9326128980144446,0,0,1,0,0,0,0,1,0,0,0,0,0,0,0,0,0,0,0,none,,0,none,,,0,0,0,none,,0,none,,0,none,,none,0,Linear Trend,none,0,0,0,0,0,0,1,0,0,0,0,0,0,0,1,0
2020-12-13,-0.9445323634719499,0,0,1,0,0,0,0,1,0,0,0,0,0,0,0,0,0,0,0,none,,0,none,,,0,0,0,none,,0,none,,0,none,,none,0,Linear Trend,none,0,0,0,0,0,0,1,0,0,0,0,0,0,0,1,0
2020-12-14,-0.9523422921016244,0,0,1,0,0,0,0,1,0,0,0,0,0,0,0,0,0,0,0,none,,0,none,,,0,0,0,none,,0,none,,0,none,,none,0,Linear Trend,none,0,0,0,0,0,0,1,0,0,0,0,0,0,0,1,0
2020-12-15,-0.9707842574032861,0,0,1,0,0,0,0,1,0,0,0,0,0,0,0,0,0,0,0,none,,0,none,,,0,0,0,none,,0,none,,0,none,,none,0,Linear Trend,none,0,0,0,0,0,0,1,0,0,0,0,0,0,0,1,0
2020-12-16,-0.9597327448221579,0,0,1,0,0,0,0,1,0,0,0,0,0,0,0,0,0,0,0,none,,0,none,,,0,0,0,none,,0,none,,0,none,,none,0,Linear Trend,none,0,0,0,0,0,0,1,0,0,0,0,0,0,0,1,0
2020-12-17,-0.9755736518051752,0,0,1,0,0,0,0,1,0,0,0,0,0,0,0,0,0,0,0,none,,0,none,,,0,0,0,none,,0,none,,0,none,,none,0,Linear Trend,none,0,0,0,0,0,0,1,0,0,0,0,0,0,0,1,0
2020-12-18,-0.9908525955641486,0,0,1,0,0,0,0,1,0,0,0,0,0,0,0,0,0,0,0,none,,0,none,,,0,0,0,none,,0,none,,0,none,,none,0,Linear Trend,none,0,0,0,0,0,0,1,0,0,0,0,0,0,0,1,0
2020-12-19,-0.990233658093621,0,0,1,0,0,0,0,1,0,0,0,0,0,0,0,0,0,0,0,none,,0,none,,,0,0,0,none,,0,none,,0,none,,none,0,Linear Trend,none,0,0,0,0,0,0,1,0,0,0,0,0,0,0,1,0
2020-12-20,-0.9898574600923373,0,0,1,0,0,0,0,1,0,0,0,0,0,0,0,0,0,0,0,none,,0,none,,,0,0,0,none,,0,none,,0,none,,none,0,Linear Trend,none,0,0,0,0,0,0,1,0,0,0,0,0,0,0,1,0
2020-12-21,-1.005753176251122,0,0,1,0,0,0,0,1,0,0,0,0,0,0,0,0,0,0,0,none,,0,none,,,0,0,0,none,,0,none,,0,none,,none,0,Linear Trend,none,0,0,0,0,0,0,1,0,0,0,0,0,0,0,1,0
2020-12-22,-1.0027023567634714,0,0,1,0,0,0,0,1,0,0,0,0,0,0,0,0,0,0,0,none,,0,none,,,0,0,0,none,,0,none,,0,none,,none,0,Linear Trend,none,0,0,0,0,0,0,1,0,0,0,0,0,0,0,1,0
2020-12-23,-1.0227841735500256,0,0,1,0,0,0,0,1,0,0,0,0,0,0,0,0,0,0,0,none,,0,none,,,0,0,0,none,,0,none,,0,none,,none,0,Linear Trend,none,0,0,0,0,0,0,1,0,0,0,0,0,0,0,1,0
2020-12-24,-1.03939899662287,0,0,1,0,0,0,0,1,0,0,0,0,0,0,0,0,0,0,0,none,,0,none,,,0,0,0,none,,0,none,,0,none,,none,0,Linear Trend,none,0,0,0,0,0,0,1,0,0,0,0,0,0,0,1,0
2020-12-25,-1.0284890247041574,0,0,1,0,0,0,0,1,0,0,0,0,0,0,0,0,0,0,0,none,,0,none,,,0,0,0,none,,0,none,,0,none,,none,0,Linear Trend,none,0,0,0,0,0,0,1,0,0,0,0,0,0,0,1,0
2020-12-26,-1.0544636145069555,0,0,1,0,0,0,0,1,0,0,0,0,0,0,0,0,0,0,0,none,,0,none,,,0,0,0,none,,0,none,,0,none,,none,0,Linear Trend,none,0,0,0,0,0,0,1,0,0,0,0,0,0,0,1,0
2020-12-27,-1.0611485139241197,0,0,1,0,0,0,0,1,0,0,0,0,0,0,0,0,0,0,0,none,,0,none,,,0,0,0,none,,0,none,,0,none,,none,0,Linear Trend,none,0,0,0,0,0,0,1,0,0,0,0,0,0,0,1,0
2020-12-28,-1.0577808571970966,0,0,1,0,0,0,0,1,0,0,0,0,0,0,0,0,0,0,0,none,,0,none,,,0,0,0,none,,0,none,,0,none,,none,0,Linear Trend,none,0,0,0,0,0,0,1,0,0,0,0,0,0,0,1,0
2020-12-29,-1.0667649897522384,0,0,1,0,0,0,0,1,0,0,0,0,0,0,0,0,0,0,0,none,,0,none,,,0,0,0,none,,0,none,,0,none,,none,0,Linear Trend,none,0,0,0,0,0,0,1,0,0,0,0,0,0,0,1,0
2020-12-30,-1.084377352560592,0,0,1,0,0,0,0,1,0,0,0,0,0,0,0,0,0,0,0,none,,0,none,,,0,0,0,none,,0,none,,0,none,,none,0,Linear Trend,none,0,0,0,0,0,0,1,0,0,0,0,0,0,0,1,0
2020-12-31,-1.0733809893784818,0,0,1,0,0,0,0,1,0,0,0,0,0,0,0,0,0,0,0,none,,0,none,,,0,0,0,none,,0,none,,0,none,,none,0,Linear Trend,none,0,0,0,0,0,0,1,0,0,0,0,0,0,0,1,0
2021-01-01,-1.0928512943886297,0,0,1,0,0,0,0,1,0,0,0,0,0,0,0,0,0,0,0,none,,0,none,,,0,0,0,none,,0,none,,0,none,,none,0,Linear Trend,none,0,0,0,0,0,0,1,0,0,0,0,0,0,0,1,0
2021-01-02,-1.1115423030847285,0,0,1,0,0,0,0,1,0,0,0,0,0,0,0,0,0,0,0,none,,0,none,,,0,0,0,none,,0,none,,0,none,,none,0,Linear Trend,none,0,0,0,0,0,0,1,0,0,0,0,0,0,0,1,0
2021-01-03,-1.0981516893768422,0,0,1,0,0,0,0,1,0,0,0,0,0,0,0,0,0,0,0,none,,0,none,,,0,0,0,none,,0,none,,0,none,,none,0,Linear Trend,none,0,0,0,0,0,0,1,0,0,0,0,0,0,0,1,0
2021-01-04,-1.1175954395368792,0,0,1,0,0,0,0,1,0,0,0,0,0,0,0,0,0,0,0,none,,0,none,,,0,0,0,none,,0,none,,0,none,,none,0,Linear Trend,none,0,0,0,0,0,0,1,0,0,0,0,0,0,0,1,0
2021-01-05,-1.127071144325021,0,0,1,0,0,0,0,1,0,0,0,0,0,0,0,0,0,0,0,none,,0,none,,,0,0,0,none,,0,none,,0,none,,none,0,Linear Trend,none,0,0,0,0,0,0,1,0,0,0,0,0,0,0,1,0
2021-01-06,-1.1404031649127473,0,0,1,0,0,0,0,1,0,0,0,0,0,0,0,0,0,0,0,none,,0,none,,,0,0,0,none,,0,none,,0,none,,none,0,Linear Trend,none,0,0,0,0,0,0,1,0,0,0,0,0,0,0,1,0
2021-01-07,-1.1414459383319948,0,0,1,0,0,0,0,1,0,0,0,0,0,0,0,0,0,0,0,none,,0,none,,,0,0,0,none,,0,none,,0,none,,none,0,Linear Trend,none,0,0,0,0,0,0,1,0,0,0,0,0,0,0,1,0
2021-01-08,-1.1576270100077388,0,0,1,0,0,0,0,1,0,0,0,0,0,0,0,0,0,0,0,none,,0,none,,,0,0,0,none,,0,none,,0,none,,none,0,Linear Trend,none,0,0,0,0,0,0,1,0,0,0,0,0,0,0,1,0
2021-01-09,-1.1599129578214782,0,0,1,0,0,0,0,1,0,0,0,0,0,0,0,0,0,0,0,none,,0,none,,,0,0,0,none,,0,none,,0,none,,none,0,Linear Trend,none,0,0,0,0,0,0,1,0,0,0,0,0,0,0,1,0
2021-01-10,-1.1686143460944394,0,0,1,0,0,0,0,1,0,0,0,0,0,0,0,0,0,0,0,none,,0,none,,,0,0,0,none,,0,none,,0,none,,none,0,Linear Trend,none,0,0,0,0,0,0,1,0,0,0,0,0,0,0,1,0
2021-01-11,-1.1737350847517656,0,0,1,0,0,0,0,1,0,0,0,0,0,0,0,0,0,0,0,none,,0,none,,,0,0,0,none,,0,none,,0,none,,none,0,Linear Trend,none,0,0,0,0,0,0,1,0,0,0,0,0,0,0,1,0
2021-01-12,-1.1890446381285444,0,0,1,0,0,0,0,1,0,0,0,0,0,0,0,0,0,0,0,none,,0,none,,,0,0,0,none,,0,none,,0,none,,none,0,Linear Trend,none,0,0,0,0,0,0,1,0,0,0,0,0,0,0,1,0
2021-01-13,-1.1976874019742454,0,0,1,0,0,0,0,1,0,0,0,0,0,0,0,0,0,0,0,none,,0,none,,,0,0,0,none,,0,none,,0,none,,none,0,Linear Trend,none,0,0,0,0,0,0,1,0,0,0,0,0,0,0,1,0
2021-01-14,-1.2011929785351074,0,0,1,0,0,0,0,1,0,0,0,0,0,0,0,0,0,0,0,none,,0,none,,,0,0,0,none,,0,none,,0,none,,none,0,Linear Trend,none,0,0,0,0,0,0,1,0,0,0,0,0,0,0,1,0
2021-01-15,-1.209400301165947,0,0,1,0,0,0,0,1,0,0,0,0,0,0,0,0,0,0,0,none,,0,none,,,0,0,0,none,,0,none,,0,none,,none,0,Linear Trend,none,0,0,0,0,0,0,1,0,0,0,0,0,0,0,1,0
2021-01-16,-1.2174761991442917,0,0,1,0,0,0,0,1,0,0,0,0,0,0,0,0,0,0,0,none,,0,none,,,0,0,0,none,,0,none,,0,none,,none,0,Linear Trend,none,0,0,0,0,0,0,1,0,0,0,0,0,0,0,1,0
2021-01-17,-1.2331589103377745,0,0,1,0,0,0,0,1,0,0,0,0,0,0,0,0,0,0,0,none,,0,none,,,0,0,0,none,,0,none,,0,none,,none,0,Linear Trend,none,0,0,0,0,0,0,1,0,0,0,0,0,0,0,1,0
2021-01-18,-1.2345127914804612,0,0,1,0,0,0,0,1,0,0,0,0,0,0,0,0,0,0,0,none,,0,none,,,0,0,0,none,,0,none,,0,none,,none,0,Linear Trend,none,0,0,0,0,0,0,1,0,0,0,0,0,0,0,1,0
2021-01-19,-1.2424449268178503,0,0,1,0,0,0,0,1,0,0,0,0,0,0,0,0,0,0,0,none,,0,none,,,0,0,0,none,,0,none,,0,none,,none,0,Linear Trend,none,0,0,0,0,0,0,1,0,0,0,0,0,0,0,1,0
2021-01-20,-1.2477585329860985,0,0,1,0,0,0,0,1,0,0,0,0,0,0,0,0,0,0,0,none,,0,none,,,0,0,0,none,,0,none,,0,none,,none,0,Linear Trend,none,0,0,0,0,0,0,1,0,0,0,0,0,0,0,1,0
2021-01-21,-1.2549124558997076,0,0,1,0,0,0,0,1,0,0,0,0,0,0,0,0,0,0,0,none,,0,none,,,0,0,0,none,,0,none,,0,none,,none,0,Linear Trend,none,0,0,0,0,0,0,1,0,0,0,0,0,0,0,1,0
2021-01-22,-1.2522245076970135,0,0,1,0,0,0,0,1,0,0,0,0,0,0,0,0,0,0,0,none,,0,none,,,0,0,0,none,,0,none,,0,none,,none,0,Linear Trend,none,0,0,0,0,0,0,1,0,0,0,0,0,0,0,1,0
2021-01-23,-1.2751570380560373,0,0,1,0,0,0,0,1,0,0,0,0,0,0,0,0,0,0,0,none,,0,none,,,0,0,0,none,,0,none,,0,none,,none,0,Linear Trend,none,0,0,0,0,0,0,1,0,0,0,0,0,0,0,1,0
2021-01-24,-1.2693285344523155,0,0,1,0,0,0,0,1,0,0,0,0,0,0,0,0,0,0,0,none,,0,none,,,0,0,0,none,,0,none,,0,none,,none,0,Linear Trend,none,0,0,0,0,0,0,1,0,0,0,0,0,0,0,1,0
2021-01-25,-1.295619198172675,0,0,1,0,0,0,0,1,0,0,0,0,0,0,0,0,0,0,0,none,,0,none,,,0,0,0,none,,0,none,,0,none,,none,0,Linear Trend,none,0,0,0,0,0,0,1,0,0,0,0,0,0,0,1,0
2021-01-26,-1.2936036634288148,0,0,1,0,0,0,0,1,0,0,0,0,0,0,0,0,0,0,0,none,,0,none,,,0,0,0,none,,0,none,,0,none,,none,0,Linear Trend,none,0,0,0,0,0,0,1,0,0,0,0,0,0,0,1,0
2021-01-27,-1.2964886486711666,0,0,1,0,0,0,0,1,0,0,0,0,0,0,0,0,0,0,0,none,,0,none,,,0,0,0,none,,0,none,,0,none,,none,0,Linear Trend,none,0,0,0,0,0,0,1,0,0,0,0,0,0,0,1,0
2021-01-28,-1.3089686933570206,0,0,1,0,0,0,0,1,0,0,0,0,0,0,0,0,0,0,0,none,,0,none,,,0,0,0,none,,0,none,,0,none,,none,0,Linear Trend,none,0,0,0,0,0,0,1,0,0,0,0,0,0,0,1,0
2021-01-29,-1.3243410967933762,0,0,1,0,0,0,0,1,0,0,0,0,0,0,0,0,0,0,0,none,,0,none,,,0,0,0,none,,0,none,,0,none,,none,0,Linear Trend,none,0,0,0,0,0,0,1,0,0,0,0,0,0,0,1,0
2021-01-30,-1.316322688625299,0,0,1,0,0,0,0,1,0,0,0,0,0,0,0,0,0,0,0,none,,0,none,,,0,0,0,none,,0,none,,0,none,,none,0,Linear Trend,none,0,0,0,0,0,0,1,0,0,0,0,0,0,0,1,0
2021-01-31,-1.3202373775135379,0,0,1,0,0,0,0,1,0,0,0,0,0,0,0,0,0,0,0,none,,0,none,,,0,0,0,none,,0,none,,0,none,,none,0,Linear Trend,none,0,0,0,0,0,0,1,0,0,0,0,0,0,0,1,0
2021-02-01,-1.349572011693708,0,0,1,0,0,0,0,1,0,0,0,0,0,0,0,0,0,0,0,none,,0,none,,,0,0,0,none,,0,none,,0,none,,none,0,Linear Trend,none,0,0,0,0,0,0,1,0,0,0,0,0,0,0,1,0
2021-02-02,-1.348725744971748,0,0,1,0,0,0,0,1,0,0,0,0,0,0,0,0,0,0,0,none,,0,none,,,0,0,0,none,,0,none,,0,none,,none,0,Linear Trend,none,0,0,0,0,0,0,1,0,0,0,0,0,0,0,1,0
2021-02-03,-1.3528637618386576,0,0,1,0,0,0,0,1,0,0,0,0,0,0,0,0,0,0,0,none,,0,none,,,0,0,0,none,,0,none,,0,none,,none,0,Linear Trend,none,0,0,0,0,0,0,1,0,0,0,0,0,0,0,1,0
2021-02-04,-1.3533323070377554,0,0,1,0,0,0,0,1,0,0,0,0,0,0,0,0,0,0,0,none,,0,none,,,0,0,0,none,,0,none,,0,none,,none,0,Linear Trend,none,0,0,0,0,0,0,1,0,0,0,0,0,0,0,1,0
2021-02-05,-1.3840573630413648,0,0,1,0,0,0,0,1,0,0,0,0,0,0,0,0,0,0,0,none,,0,none,,,0,0,0,none,,0,none,,0,none,,none,0,Linear Trend,none,0,0,0,0,0,0,1,0,0,0,0,0,0,0,1,0
2021-02-06,-1.3801787525828562,0,0,1,0,0,0,0,1,0,0,0,0,0,0,0,0,0,0,0,none,,0,none,,,0,0,0,none,,0,none,,0,none,,none,0,Linear Trend,none,0,0,0,0,0,0,1,0,0,0,0,0,0,0,1,0
2021-02-07,-1.3850776751384204,0,0,1,0,0,0,0,1,0,0,0,0,0,0,0,0,0,0,0,none,,0,none,,,0,0,0,none,,0,none,,0,none,,none,0,Linear Trend,none,0,0,0,0,0,0,1,0,0,0,0,0,0,0,1,0
2021-02-08,-1.3907200640857698,0,0,1,0,0,0,0,1,0,0,0,0,0,0,0,0,0,0,0,none,,0,none,,,0,0,0,none,,0,none,,0,none,,none,0,Linear Trend,none,0,0,0,0,0,0,1,0,0,0,0,0,0,0,1,0
2021-02-09,-1.4049895822035476,0,0,1,0,0,0,0,1,0,0,0,0,0,0,0,0,0,0,0,none,,0,none,,,0,0,0,none,,0,none,,0,none,,none,0,Linear Trend,none,0,0,0,0,0,0,1,0,0,0,0,0,0,0,1,0
2021-02-10,-1.4114337561898296,0,0,1,0,0,0,0,1,0,0,0,0,0,0,0,0,0,0,0,none,,0,none,,,0,0,0,none,,0,none,,0,none,,none,0,Linear Trend,none,0,0,0,0,0,0,1,0,0,0,0,0,0,0,1,0
2021-02-11,-1.4073485940713577,0,0,1,0,0,0,0,1,0,0,0,0,0,0,0,0,0,0,0,none,,0,none,,,0,0,0,none,,0,none,,0,none,,none,0,Linear Trend,none,0,0,0,0,0,0,1,0,0,0,0,0,0,0,1,0
2021-02-12,-1.4327179762851074,0,0,1,0,0,0,0,1,0,0,0,0,0,0,0,0,0,0,0,none,,0,none,,,0,0,0,none,,0,none,,0,none,,none,0,Linear Trend,none,0,0,0,0,0,0,1,0,0,0,0,0,0,0,1,0
2021-02-13,-1.4411351242876655,0,0,1,0,0,0,0,1,0,0,0,0,0,0,0,0,0,0,0,none,,0,none,,,0,0,0,none,,0,none,,0,none,,none,0,Linear Trend,none,0,0,0,0,0,0,1,0,0,0,0,0,0,0,1,0
2021-02-14,-1.4333017210352526,0,0,1,0,0,0,0,1,0,0,0,0,0,0,0,0,0,0,0,none,,0,none,,,0,0,0,none,,0,none,,0,none,,none,0,Linear Trend,none,0,0,0,0,0,0,1,0,0,0,0,0,0,0,1,0
2021-02-15,-1.4490528043323316,0,0,1,0,0,0,0,1,0,0,0,0,0,0,0,0,0,0,0,none,,0,none,,,0,0,0,none,,0,none,,0,none,,none,0,Linear Trend,none,0,0,0,0,0,0,1,0,0,0,0,0,0,0,1,0
2021-02-16,-1.4575705317194407,0,0,1,0,0,0,0,1,0,0,0,0,0,0,0,0,0,0,0,none,,0,none,,,0,0,0,none,,0,none,,0,none,,none,0,Linear Trend,none,0,0,0,0,0,0,1,0,0,0,0,0,0,0,1,0
2021-02-17,-1.4560356953944995,0,0,1,0,0,0,0,1,0,0,0,0,0,0,0,0,0,0,0,none,,0,none,,,0,0,0,none,,0,none,,0,none,,none,0,Linear Trend,none,0,0,0,0,0,0,1,0,0,0,0,0,0,0,1,0
2021-02-18,-1.4713122396838119,0,0,1,0,0,0,0,1,0,0,0,0,0,0,0,0,0,0,0,none,,0,none,,,0,0,0,none,,0,none,,0,none,,none,0,Linear Trend,none,0,0,0,0,0,0,1,0,0,0,0,0,0,0,1,0
2021-02-19,-1.4719313182624187,0,0,1,0,0,0,0,1,0,0,0,0,0,0,0,0,0,0,0,none,,0,none,,,0,0,0,none,,0,none,,0,none,,none,0,Linear Trend,none,0,0,0,0,0,0,1,0,0,0,0,0,0,0,1,0
2021-02-20,-1.4841545032894674,0,0,1,0,0,0,0,1,0,0,0,0,0,0,0,0,0,0,0,none,,0,none,,,0,0,0,none,,0,none,,0,none,,none,0,Linear Trend,none,0,0,0,0,0,0,1,0,0,0,0,0,0,0,1,0
2021-02-21,-1.482684134384651,0,0,1,0,0,0,0,1,0,0,0,0,0,0,0,0,0,0,0,none,,0,none,,,0,0,0,none,,0,none,,0,none,,none,0,Linear Trend,none,0,0,0,0,0,0,1,0,0,0,0,0,0,0,1,0
2021-02-22,-1.4994037650632184,0,0,1,0,0,0,0,1,0,0,0,0,0,0,0,0,0,0,0,none,,0,none,,,0,0,0,none,,0,none,,0,none,,none,0,Linear Trend,none,0,0,0,0,0,0,1,0,0,0,0,0,0,0,1,0
2021-02-23,-1.5111469552202774,0,0,1,0,0,0,0,1,0,0,0,0,0,0,0,0,0,0,0,none,,0,none,,,0,0,0,none,,0,none,,0,none,,none,0,Linear Trend,none,0,0,0,0,0,0,1,0,0,0,0,0,0,0,1,0
2021-02-24,-1.5122270337478887,0,0,1,0,0,0,0,1,0,0,0,0,0,0,0,0,0,0,0,none,,0,none,,,0,0,0,none,,0,none,,0,none,,none,0,Linear Trend,none,0,0,0,0,0,0,1,0,0,0,0,0,0,0,1,0
2021-02-25,-1.528636974151062,0,0,1,0,0,0,0,1,0,0,0,0,0,0,0,0,0,0,0,none,,0,none,,,0,0,0,none,,0,none,,0,none,,none,0,Linear Trend,none,0,0,0,0,0,0,1,0,0,0,0,0,0,0,1,0
2021-02-26,-1.546783398797328,0,0,1,0,0,0,0,1,0,0,0,0,0,0,0,0,0,0,0,none,,0,none,,,0,0,0,none,,0,none,,0,none,,none,0,Linear Trend,none,0,0,0,0,0,0,1,0,0,0,0,0,0,0,1,0
2021-02-27,-1.5436888662687418,0,0,1,0,0,0,0,1,0,0,0,0,0,0,0,0,0,0,0,none,,0,none,,,0,0,0,none,,0,none,,0,none,,none,0,Linear Trend,none,0,0,0,0,0,0,1,0,0,0,0,0,0,0,1,0
2021-02-28,-1.5575598570937474,0,0,1,0,0,0,0,1,0,0,0,0,0,0,0,0,0,0,0,none,,0,none,,,0,0,0,none,,0,none,,0,none,,none,0,Linear Trend,none,0,0,0,0,0,0,1,0,0,0,0,0,0,0,1,0
2021-03-01,-1.5604416184161258,0,0,1,0,0,0,0,1,0,0,0,0,0,0,0,0,0,0,0,none,,0,none,,,0,0,0,none,,0,none,,0,none,,none,0,Linear Trend,none,0,0,0,0,0,0,1,0,0,0,0,0,0,0,1,0
2021-03-02,-1.5524115843817945,0,0,1,0,0,0,0,1,0,0,0,0,0,0,0,0,0,0,0,none,,0,none,,,0,0,0,none,,0,none,,0,none,,none,0,Linear Trend,none,0,0,0,0,0,0,1,0,0,0,0,0,0,0,1,0
2021-03-03,-1.575988120500453,0,0,1,0,0,0,0,1,0,0,0,0,0,0,0,0,0,0,0,none,,0,none,,,0,0,0,none,,0,none,,0,none,,none,0,Linear Trend,none,0,0,0,0,0,0,1,0,0,0,0,0,0,0,1,0
2021-03-04,-1.5910708553339938,0,0,1,0,0,0,0,1,0,0,0,0,0,0,0,0,0,0,0,none,,0,none,,,0,0,0,none,,0,none,,0,none,,none,0,Linear Trend,none,0,0,0,0,0,0,1,0,0,0,0,0,0,0,1,0
2021-03-05,-1.5887204689207282,0,0,1,0,0,0,0,1,0,0,0,0,0,0,0,0,0,0,0,none,,0,none,,,0,0,0,none,,0,none,,0,none,,none,0,Linear Trend,none,0,0,0,0,0,0,1,0,0,0,0,0,0,0,1,0
2021-03-06,-1.597591552671512,0,0,1,0,0,0,0,1,0,0,0,0,0,0,0,0,0,0,0,none,,0,none,,,0,0,0,none,,0,none,,0,none,,none,0,Linear Trend,none,0,0,0,0,0,0,1,0,0,0,0,0,0,0,1,0
2021-03-07,-1.6100799178604184,0,0,1,0,0,0,0,1,0,0,0,0,0,0,0,0,0,0,0,none,,0,none,,,0,0,0,none,,0,none,,0,none,,none,0,Linear Trend,none,0,0,0,0,0,0,1,0,0,0,0,0,0,0,1,0
2021-03-08,-1.6240581167481283,0,0,1,0,0,0,0,1,0,0,0,0,0,0,0,0,0,0,0,none,,0,none,,,0,0,0,none,,0,none,,0,none,,none,0,Linear Trend,none,0,0,0,0,0,0,1,0,0,0,0,0,0,0,1,0
2021-03-09,-1.6296703870235896,0,0,1,0,0,0,0,1,0,0,0,0,0,0,0,0,0,0,0,none,,0,none,,,0,0,0,none,,0,none,,0,none,,none,0,Linear Trend,none,0,0,0,0,0,0,1,0,0,0,0,0,0,0,1,0
2021-03-10,-1.637874048394598,0,0,1,0,0,0,0,1,0,0,0,0,0,0,0,0,0,0,0,none,,0,none,,,0,0,0,none,,0,none,,0,none,,none,0,Linear Trend,none,0,0,0,0,0,0,1,0,0,0,0,0,0,0,1,0
2021-03-11,-1.650279381049032,0,0,1,0,0,0,0,1,0,0,0,0,0,0,0,0,0,0,0,none,,0,none,,,0,0,0,none,,0,none,,0,none,,none,0,Linear Trend,none,0,0,0,0,0,0,1,0,0,0,0,0,0,0,1,0
2021-03-12,-1.6451132530483086,0,0,1,0,0,0,0,1,0,0,0,0,0,0,0,0,0,0,0,none,,0,none,,,0,0,0,none,,0,none,,0,none,,none,0,Linear Trend,none,0,0,0,0,0,0,1,0,0,0,0,0,0,0,1,0
2021-03-13,-1.6586030024776917,0,0,1,0,0,0,0,1,0,0,0,0,0,0,0,0,0,0,0,none,,0,none,,,0,0,0,none,,0,none,,0,none,,none,0,Linear Trend,none,0,0,0,0,0,0,1,0,0,0,0,0,0,0,1,0
2021-03-14,-1.6781487314790937,0,0,1,0,0,0,0,1,0,0,0,0,0,0,0,0,0,0,0,none,,0,none,,,0,0,0,none,,0,none,,0,none,,none,0,Linear Trend,none,0,0,0,0,0,0,1,0,0,0,0,0,0,0,1,0
2021-03-15,-1.6718557293563943,0,0,1,0,0,0,0,1,0,0,0,0,0,0,0,0,0,0,0,none,,0,none,,,0,0,0,none,,0,none,,0,none,,none,0,Linear Trend,none,0,0,0,0,0,0,1,0,0,0,0,0,0,0,1,0
2021-03-16,-1.6869204346621323,0,0,1,0,0,0,0,1,0,0,0,0,0,0,0,0,0,0,0,none,,0,none,,,0,0,0,none,,0,none,,0,none,,none,0,Linear Trend,none,0,0,0,0,0,0,1,0,0,0,0,0,0,0,1,0
2021-03-17,-1.67840543478786,0,0,1,0,0,0,0,1,0,0,0,0,0,0,0,0,0,0,0,none,,0,none,,,0,0,0,none,,0,none,,0,none,,none,0,Linear Trend,none,0,0,0,0,0,0,1,0,0,0,0,0,0,0,1,0
2021-03-18,-1.7045090860046084,0,0,1,0,0,0,0,1,0,0,0,0,0,0,0,0,0,0,0,none,,0,none,,,0,0,0,none,,0,none,,0,none,,none,0,Linear Trend,none,0,0,0,0,0,0,1,0,0,0,0,0,0,0,1,0
2021-03-19,-1.7169268007458824,0,0,1,0,0,0,0,1,0,0,0,0,0,0,0,0,0,0,0,none,,0,none,,,0,0,0,none,,0,none,,0,none,,none,0,Linear Trend,none,0,0,0,0,0,0,1,0,0,0,0,0,0,0,1,0
2021-03-20,-1.7222879353059901,0,0,1,0,0,0,0,1,0,0,0,0,0,0,0,0,0,0,0,none,,0,none,,,0,0,0,none,,0,none,,0,none,,none,0,Linear Trend,none,0,0,0,0,0,0,1,0,0,0,0,0,0,0,1,0
2021-03-21,-1.7326984438329394,0,0,1,0,0,0,0,1,0,0,0,0,0,0,0,0,0,0,0,none,,0,none,,,0,0,0,none,,0,none,,0,none,,none,0,Linear Trend,none,0,0,0,0,0,0,1,0,0,0,0,0,0,0,1,0
2021-03-22,-1.7306030391541605,0,0,1,0,0,0,0,1,0,0,0,0,0,0,0,0,0,0,0,none,,0,none,,,0,0,0,none,,0,none,,0,none,,none,0,Linear Trend,none,0,0,0,0,0,0,1,0,0,0,0,0,0,0,1,0
2021-03-23,-1.7430205672114425,0,0,1,0,0,0,0,1,0,0,0,0,0,0,0,0,0,0,0,none,,0,none,,,0,0,0,none,,0,none,,0,none,,none,0,Linear Trend,none,0,0,0,0,0,0,1,0,0,0,0,0,0,0,1,0
2021-03-24,-1.7508087455993735,0,0,1,0,0,0,0,1,0,0,0,0,0,0,0,0,0,0,0,none,,0,none,,,0,0,0,none,,0,none,,0,none,,none,0,Linear Trend,none,0,0,0,0,0,0,1,0,0,0,0,0,0,0,1,0
